date,word,freq
20140416,구조,168
20140416,세월호,113
20140416,침몰,102
20140416,여객선,98
20140416,학생,80
20140416,단원,74
20140416,진도,71
20140416,오전,68
20140416,해상,59
20140416,오후,58
20140416,확인,55
20140416,제주,49
20140416,탑승,49
20140416,학년,48
20140416,사망,48
20140416,승객,47
20140416,안산,41
20140416,발생,37
20140416,수학,37
20140416,여행,37
20140416,선박,32
20140416,교사,31
20140416,상황,31
20140416,인근,30
20140416,여명,29
20140416,작업,28
20140416,사고,27
20140416,안전,26
20140416,관매,25
20140416,고등학교,25
20140416,출발,25
20140416,투입,23
20140416,선사,23
20140416,청해진해운,22
20140416,이날,22
20140416,신고,20
20140416,조난,20
20140416,포함,20
20140416,탑승객,20
20140416,시작,19
20140416,대책,19
20140416,현장,19
20140416,본부,19
20140416,소속,18
20140416,헬기,18
20140416,사람,18
20140416,실종자,18
20140416,집계,18
20140416,상태,17
20140416,여직원,17
20140416,인원,17
20140416,해역,17
20140416,재난,16
20140416,중앙,16
20140416,방송,16
20140416,진행,16
20140416,승무원,15
20140416,중대,15
20140416,당시,15
20140416,브리핑,15
20140416,발표,14
20140416,인천항,14
20140416,사망자,14
20140416,긴급,13
20140416,파악,13
20140416,해군,13
20140416,시간,12
20140416,박모,12
20140416,숫자,12
20140416,들이,12
20140416,가능,12
20140416,선체,12
20140416,생사,12
20140416,바다,11
20140416,소리,11
20140416,실종,11
20140416,우려,11
20140416,때문,11
20140416,선장,11
20140416,공식,10
20140416,당국,10
20140416,고속,10
20140416,고속정,10
20140416,유도탄,10
20140416,추정,10
20140416,링스헬기,10
20140416,당초,9
20140416,정모,9
20140416,함정,9
20140416,구조작업,9
20140416,대형,9
20140416,암초,9
20140416,조사,9
20140416,행정부,9
20140416,좌현,8
20140416,가운데,8
20140416,중앙병원,8
20140416,보도,8
20140416,소식,8
20140416,출동,8
20140416,상륙,8
20140416,수중,8
20140416,운항,8
20140416,남성,8
20140416,신원,8
20140416,동원,8
20140416,전원,8
20140416,나머지,8
20140416,설명,8
20140416,원인,8
20140416,특수,8
20140416,정원,7
20140416,이번,7
20140416,해당,7
20140416,사건,7
20140416,해안,7
20140416,가량,7
20140416,측은,7
20140416,침수,7
20140416,병풍,7
20140416,선내,7
20140416,사실,7
20140416,학부모,7
20140416,구조대,7
20140416,인천과,6
20140416,대부분,6
20140416,이송됐,6
20140416,최소,6
20140416,항해,6
20140416,강습,6
20140416,내부,6
20140416,대표적,6
20140416,도착,6
20140416,인천을,6
20140416,일반,6
20140416,이송,6
20140416,좌초,6
20140416,충격,6
20140416,북쪽,6
20140416,주변,6
20140416,동창생,6
20140416,국방부,6
20140416,급파,6
20140416,시야,6
20140416,유속,6
20140416,여부,6
20140416,초계,6
20140416,민간,6
20140416,정부,6
20140416,인천에서,6
20140416,한국병원,6
20140416,침몰사고,6
20140416,하게,6
20140416,생존자,5
20140416,인명피해,5
20140416,착오,5
20140416,탑승자,5
20140416,현황,5
20140416,구조선,5
20140416,정확,5
20140416,혼란,5
20140416,페리,5
20140416,컨테이너,5
20140416,발견,5
20140416,미상,5
20140416,소방,5
20140416,인천시,5
20140416,대응,5
20140416,어려움,5
20140416,천안함,5
20140416,확보,5
20140416,관계,5
20140416,항로,5
20140416,해양,5
20140416,선원,5
20140416,관련,5
20140416,기관장,5
20140416,대통령,5
20140416,시분,5
20140416,실제,5
20140416,직원,5
20140416,최선,5
20140416,전달,5
20140416,학교,5
20140416,경기,5
20140416,남서쪽,5
20140416,목포,5
20140416,안내,5
20140416,인터뷰,5
20140416,전단,5
20140416,중복,5
20140416,해난,5
20140416,경비,4
20140416,나섰,4
20140416,구명,4
20140416,말했,4
20140416,전화,4
20140416,조끼,4
20140416,뉴스,4
20140416,잘못,4
20140416,주요,4
20140416,수색,4
20140416,함대,4
20140416,링스,4
20140416,객실,4
20140416,일정,4
20140416,장비,4
20140416,접수,4
20140416,단체,4
20140416,과거,4
20140416,부대,4
20140416,예정,4
20140416,환경,4
20140416,주장,4
20140416,지적,4
20140416,출항,4
20140416,관계자,4
20140416,전날,4
20140416,오류,4
20140416,인명,4
20140416,정정,4
20140416,추가,4
20140416,박지,4
20140416,부상자,4
20140416,영여,4
20140416,선상,4
20140416,공지,4
20140416,상선,4
20140416,속보,4
20140416,일부,4
20140416,경남,4
20140416,기록,4
20140416,엔진,4
20140416,위험,4
20140416,이후,4
20140416,작전,4
20140416,해서,4
20140416,수행,4
20140416,임무,4
20140416,인양,4
20140416,성급,4
20140417,침몰,187
20140417,여객선,165
20140417,진도,153
20140417,세월호,144
20140417,구조,134
20140417,오전,83
20140417,학생,78
20140417,실종자,72
20140417,참사,65
20140417,승객,57
20140417,들이,56
20140417,오후,56
20140417,가족,53
20140417,선장,52
20140417,이날,51
20140417,선박,50
20140417,해상,45
20140417,상황,45
20140417,확인,44
20140417,작업,43
20140417,단원,42
20140417,시간,39
20140417,제주,37
20140417,수색,36
20140417,생존자,35
20140417,예정,35
20140417,방송,35
20140417,선체,34
20140417,현장,34
20140417,사고,32
20140417,가운데,31
20140417,애도,31
20140417,항해사,31
20140417,대통령,31
20140417,발생,30
20140417,가능성,29
20140417,당시,28
20140417,해역,28
20140417,여행,28
20140417,세월,25
20140417,호의,25
20140417,객실,25
20140417,소식,24
20140417,안전,24
20140417,사망자,24
20140417,정부,24
20140417,구명,24
20140417,도착,23
20140417,수학,23
20140417,조끼,23
20140417,때문,22
20140417,사람,22
20140417,여명,22
20140417,바다,21
20140417,경찰,20
20140417,항로,19
20140417,투입,19
20140417,이번,19
20140417,일부,19
20140417,공기,19
20140417,경기,19
20140417,선내,18
20140417,진행,18
20140417,실종,18
20140417,발견,18
20140417,면허,18
20140417,탈출,18
20140417,시신,18
20140417,생사,18
20140417,발표,18
20140417,시작,17
20140417,해양,17
20140417,상태,17
20140417,하기,17
20140417,일정,17
20140417,관련,17
20140417,조사,17
20140417,청해진해운,17
20140417,잠수부,17
20140417,요청,17
20140417,위로,17
20140417,신고,16
20140417,이후,16
20140417,재난,16
20140417,취소,16
20140417,선실,16
20140417,에어,16
20140417,포켓,16
20140417,편성,16
20140417,대책,15
20140417,비롯,15
20140417,선사,15
20140417,인근,15
20140417,정도,15
20140417,암초,15
20140417,파악,15
20140417,안산,14
20140417,측은,14
20140417,탑승객,14
20140417,자신,14
20140417,모습,14
20140417,선원,14
20140417,응원,14
20140417,과정,13
20140417,운항,13
20140417,중앙,13
20140417,친구,13
20140417,문자,13
20140417,방송이,13
20140417,사건,13
20140417,체육관,13
20140417,탑승,12
20140417,포함,12
20140417,한국,12
20140417,본부,12
20140417,관매,12
20140417,인명,12
20140417,전날,12
20140417,사망,12
20140417,마지막,12
20140417,메시지,12
20140417,원인,11
20140417,답답,11
20140417,직원,11
20140417,연기,11
20140417,침수,11
20140417,최대,11
20140417,전화,11
20140417,동영상,11
20140417,승무원,11
20140417,수색작업,11
20140417,학부모,11
20140417,변경,10
20140417,보도,10
20140417,사실,10
20140417,소속,10
20140417,인터뷰,10
20140417,신원,10
20140417,구조작업,10
20140417,이상,10
20140417,추가,10
20140417,탑승자,10
20140417,꾼들,10
20140417,누리,10
20140417,트위터에,10
20140417,기도,10
20140417,학년,10
20140417,병원,10
20140417,여부,10
20140417,이씨는,10
20140417,논란,10
20140417,조치,10
20140417,사과,10
20140417,희생자,10
20140417,전문가,10
20140417,예상,10
20140417,민간,10
20140417,관계자,10
20140417,출발,10
20140417,교사,10
20140417,결과,9
20140417,동안,9
20140417,바람,9
20140417,설명,9
20140417,조타수,9
20140417,추정,9
20140417,하게,9
20140417,생존,9
20140417,연락,9
20140417,마음,9
20140417,반응,9
20140417,보였,9
20140417,인명피해,9
20140417,이모,9
20140417,경력,9
20140417,위험,9
20140417,내부,9
20140417,최선,9
20140417,희망,9
20140417,계속,9
20140417,기상,9
20140417,공개,9
20140417,단체,9
20140417,대표,9
20140417,경우,8
20140417,방향,8
20140417,승선,8
20140417,접수,8
20140417,주장,8
20140417,화물,8
20140417,구조대,8
20140417,당사자,8
20140417,블락비,8
20140417,리포트,8
20140417,비난,8
20140417,죄송,8
20140417,질문,8
20140417,조류,8
20140417,필요,8
20140417,생각,8
20140417,앵커,8
20140417,당초,8
20140417,자리,8
20140417,증언,8
20140417,요원,8
20140417,내용,8
20140417,국민,8
20140417,집계,8
20140417,지원,8
20140417,롯데,8
20140417,문제,7
20140417,박모,7
20140417,병풍,7
20140417,직전,7
20140417,차량,7
20140417,중국인,7
20140417,러시아,7
20140417,고인,7
20140417,구도,7
20140417,스타,7
20140417,드라마,7
20140417,대피,7
20140417,마련,7
20140417,소환,7
20140417,이야기,7
20140417,뉴스,7
20140417,브리핑,7
20140417,주입,7
20140417,해서,7
20140417,관제센터,7
20140417,준비,7
20140417,착용,7
20140417,대부분,7
20140417,서해훼리호,7
20140417,우리,7
20140417,일반,7
20140417,유가족,7
20140417,교육청,7
20140417,가량,6
20140417,무게,6
20140417,보유,6
20140417,분석,6
20140417,소리,6
20140417,수산,6
20140417,언론,6
20140417,정원,6
20140417,증축,6
20140417,지역,6
20140417,지점,6
20140417,가수,6
20140417,심경,6
20140417,제작,6
20140417,경비,6
20140417,구조대원,6
20140417,수사본부,6
20140417,우왕좌왕,6
20140417,이슈,6
20140417,집중,6
20140417,피해자,6
20140417,갱신,6
20140417,국내,6
20140417,손석희,6
20140417,지적,6
20140417,구멍,6
20140417,인양,6
20140417,좌초,6
20140417,학교,6
20140417,연합,6
20140417,유도,6
20140417,파도,6
20140417,수중,6
20140417,중단,6
20140417,지시,6
20140417,시분쯤,6
20140417,치료,6
20140417,가능,6
20140417,되기,6
20140417,인원,6
20140417,직후,6
20140417,박근혜,6
20140417,방문,6
20140417,앰프,6
20140417,컴백,6
20140417,영화,6
20140417,기사,6
20140417,구출,5
20140417,무리,5
20140417,뱃머리,5
20140417,북쪽,5
20140417,왼쪽,5
20140417,잠정,5
20140417,중심,5
20140417,컨테이너,5
20140417,트럭,5
20140417,항해,5
20140417,주한,5
20140417,중국,5
20140417,명복,5
20140417,배우,5
20140417,새벽,5
20140417,입장,5
20140417,진술,5
20140417,규모,5
20140417,조타실,5
20140417,차례,5
20140417,오늘,5
20140417,이씨가,5
20140417,제기,5
20140417,시각,5
20140417,안개,5
20140417,앞바다,5
20140417,얘기,5
20140417,의혹,5
20140417,인천항,5
20140417,설치,5
20140417,바닷물,5
20140417,장비,5
20140417,정조,5
20140417,진입,5
20140417,복도,5
20140417,전복,5
20140417,조선,5
20140417,반복,5
20140417,수준,5
20140417,시도,5
20140417,잠수,5
20140417,주변,5
20140417,이송,5
20140417,교신,5
20140417,기분,5
20140417,세계,5
20140417,수사,5
20140417,숫자,5
20140417,안내,5
20140417,인천에서,5
20140417,정확,5
20140417,동호회,5
20140417,원장,5
20140417,불명,5
20140417,새정치,5
20140417,수습,5
20140417,어머니,5
20140417,헬리콥터,5
20140417,사용,5
20140417,공식,5
20140417,응원단장,5
20140417,자이언츠,5
20140417,아버지,5
20140417,기초,5
20140417,의원,5
20140417,오대,5
20140417,건조,4
20140417,부분,4
20140417,분간,4
20140417,일본에,4
20140417,처음,4
20140417,충격,4
20140417,카페,4
20140417,속보,4
20140417,신화통신,4
20140417,국적,4
20140417,보고,4
20140417,외국,4
20140417,최초,4
20140417,살줘,4
20140417,슈퍼,4
20140417,연예계,4
20140417,주니어,4
20140417,표시,4
20140417,환희,4
20140417,발표회,4
20140417,시사회,4
20140417,예능,4
20140417,지상파,4
20140417,기관사,4
20140417,긴급,4
20140417,김모,4
20140417,누구,4
20140417,상대,4
20140417,이씨를,4
20140417,이유,4
20140417,인천을,4
20140417,자격,4
20140417,아이들,4
20140417,특보,4
20140417,규명,4
20140417,만큼,4
20140417,아침,4
20140417,업체,4
20140417,출신,4
20140417,충돌,4
20140417,현지,4
20140417,이군,4
20140417,밝혔,4
20140417,정보,4
20140417,정상,4
20140417,통화,4
20140417,현황,4
20140417,국장,4
20140417,공간,4
20140417,당국,4
20140417,지난해,4
20140417,갑판,4
20140417,대기,4
20140417,목숨,4
20140417,악화,4
20140417,특수,4
20140417,파고,4
20140417,여분,4
20140417,않았다,4
20140417,허가,4
20140417,활동,4
20140417,불가능,4
20140417,불과,4
20140417,어디,4
20140417,상당,4
20140417,실수,4
20140417,인당,4
20140417,전원,4
20140417,행정부,4
20140417,헬기,4
20140417,홍보,4
20140417,만원,4
20140417,버스,4
20140417,교황,4
20140417,네티즌,4
20140417,도움,4
20140417,채널,4
20140417,본격,4
20140417,삼성,4
20140417,작전,4
20140417,저녁,4
20140417,크레인,4
20140417,항공,4
20140417,남서쪽,4
20140417,인력,4
20140417,진심,4
20140417,아브라함슨,4
20140417,격려,4
20140417,구단,4
20140417,분위기,4
20140417,정정,4
20140417,결방,4
20140417,이동,4
20140417,영상,4
20140417,음원,4
20140417,원내,4
20140417,걱정,4
20140417,불꽃,4
20140417,동창생,4
20140417,자전거,4
20140418,세월호,315
20140418,침몰,266
20140418,구조,163
20140418,진도,128
20140418,오전,82
20140418,여객선,73
20140418,가족,72
20140418,들이,69
20140418,사고,68
20140418,선장,66
20140418,승객,63
20140418,실종자,61
20140418,인터뷰,61
20140418,학생,56
20140418,상황,53
20140418,현장,52
20140418,이날,51
20140418,자신,49
20140418,확인,49
20140418,기도,47
20140418,진짜,46
20140418,방송,46
20140418,민간,45
20140418,잠수부,45
20140418,작업,44
20140418,오후,44
20140418,시간,38
20140418,진행,38
20140418,마음,38
20140418,애도,36
20140418,가운데,35
20140418,잠수,35
20140418,생존자,35
20140418,선박,35
20140418,아이들,34
20140418,승무원,34
20140418,모습,33
20140418,소식,33
20140418,경찰,33
20140418,당시,33
20140418,하게,33
20140418,경기,31
20140418,김정구,30
20140418,관계자,29
20140418,내용,29
20140418,실종,29
20140418,단원,29
20140418,트위터에,28
20140418,누리,27
20140418,반응,27
20140418,안전,27
20140418,정부,27
20140418,국민,27
20140418,꾼들,26
20140418,해상,26
20140418,뉴스,26
20140418,관련,26
20140418,때문,26
20140418,탈출,26
20140418,비롯,25
20140418,선사,25
20140418,보도,25
20140418,예정,25
20140418,항해사,25
20140418,우리,25
20140418,대통령,25
20140418,선체,23
20140418,홍가혜,23
20140418,수사,23
20140418,개그맨,22
20140418,진입,22
20140418,이번,22
20140418,도움,21
20140418,방문,21
20140418,조사,21
20140418,스타,21
20140418,사실,21
20140418,추가,21
20140418,보였,20
20140418,인근,20
20140418,직원,20
20140418,친구,20
20140418,하기,20
20140418,화물,20
20140418,시작,20
20140418,사망자,20
20140418,여행,20
20140418,발견,20
20140418,기적,19
20140418,도착,19
20140418,무사,19
20140418,배우,19
20140418,눈물,19
20140418,이후,19
20140418,발생,19
20140418,이름,19
20140418,사람,19
20140418,경우,18
20140418,세월,18
20140418,바다,18
20140418,대책,18
20140418,선수,18
20140418,박인영,17
20140418,인명피해,17
20140418,호의,17
20140418,주장,17
20140418,발표,17
20140418,이상,17
20140418,홍씨,17
20140418,관매,16
20140418,구도,16
20140418,정동,16
20140418,사이,16
20140418,사망,16
20140418,선내,16
20140418,운항,16
20140418,투입,16
20140418,본부,16
20140418,수색,16
20140418,실내체육관,15
20140418,연기,15
20140418,희생자,15
20140418,사건,15
20140418,수학,15
20140418,제주,15
20140418,가능성,15
20140418,구명,15
20140418,교사,15
20140418,상태,15
20140418,교감,15
20140418,사진,14
20140418,생각,14
20140418,네티즌,14
20140418,피해자,14
20140418,류현진은,14
20140418,선실,14
20140418,조끼,14
20140418,해양,14
20140418,수사본부,14
20140418,게재,13
20140418,조선,13
20140418,해당,13
20140418,성공,13
20140418,취소,13
20140418,요원,13
20140418,공개,13
20140418,설치,13
20140418,결과,13
20140418,지시,13
20140418,갑판,12
20140418,기사,12
20140418,언론,12
20140418,직후,12
20140418,인원,12
20140418,판단,12
20140418,조치,12
20140418,악플러,11
20140418,정도,11
20140418,결정,11
20140418,문제,11
20140418,공식,11
20140418,사과,11
20140418,논란,11
20140418,일정,11
20140418,컴백,11
20140418,결방,11
20140418,안내,11
20140418,위험,11
20140418,희망,11
20140418,재난,11
20140418,이씨가,11
20140418,책임,11
20140418,학교,11
20140418,혐의,11
20140418,통화,11
20140418,목사,11
20140418,지연,11
20140418,자원봉사,10
20140418,대한,10
20140418,필요,10
20140418,선원,10
20140418,심경,10
20140418,충격,10
20140418,제기,10
20140418,위로,10
20140418,지원,10
20140418,행사,10
20140418,공기,10
20140418,선생님,10
20140418,전문가,10
20140418,전날,10
20140418,생존,10
20140418,학부모,10
20140418,되길,9
20140418,오빠,9
20140418,새벽,9
20140418,슈퍼,9
20140418,주니어,9
20140418,내부,9
20140418,대기,9
20140418,안내방송,9
20140418,영상,9
20140418,이용,9
20140418,조타실,9
20140418,포함,9
20140418,부분,9
20140418,모두,9
20140418,보도국장,9
20140418,가슴,9
20140418,가수,9
20140418,참사,9
20140418,되기,9
20140418,드라마,9
20140418,특보,9
20140418,참여,9
20140418,연결,9
20140418,안개,9
20140418,조류,9
20140418,명단,9
20140418,요청,9
20140418,중앙,9
20140418,탑승객,9
20140418,학년,9
20140418,번째,9
20140418,자기,9
20140418,검찰,9
20140418,안산,9
20140418,중국,9
20140418,약속,9
20140418,제자,9
20140418,교회,9
20140418,기록,9
20140418,박인영은,8
20140418,손길,8
20140418,앞바다,8
20140418,일부,8
20140418,화물차,8
20140418,대부분,8
20140418,파악,8
20140418,안타까움,8
20140418,입장,8
20140418,확보,8
20140418,한국,8
20140418,예능,8
20140418,회사,8
20140418,진심,8
20140418,구조작업,8
20140418,사랑,8
20140418,다저스,8
20140418,추정,8
20140418,신고,8
20140418,이씨,8
20140418,인명,8
20140418,차례,8
20140418,도주,8
20140418,소환,8
20140418,위반,8
20140418,이하,8
20140418,합동,8
20140418,마지막,8
20140418,인양,8
20140418,인터넷,8
20140418,탑승,8
20140418,구조선,8
20140418,지적,8
20140418,생명,8
20140418,부모,8
20140418,국적,8
20140418,주변,8
20140418,홍씨는,8
20140418,에어,8
20140418,상대,8
20140418,시즌,8
20140418,감사,7
20140418,구세군,7
20140418,매니저,7
20140418,조금,7
20140418,홍보부장,7
20140418,걱정,7
20140418,다음,7
20140418,리포트,7
20140418,증언,7
20140418,하나,7
20140418,답답,7
20140418,연예계,7
20140418,남희석이,7
20140418,과거,7
20140418,밝혔,7
20140418,의문,7
20140418,당초,7
20140418,아침,7
20140418,사촌,7
20140418,언니,7
20140418,간절,7
20140418,편성,7
20140418,팬클럽,7
20140418,문자,7
20140418,원인,7
20140418,오늘,7
20140418,귀환,7
20140418,방송사,7
20140418,김문수,7
20140418,메시지,7
20140418,프로,7
20140418,채널,7
20140418,유가족,7
20140418,과정,7
20140418,침수,7
20140418,허위,7
20140418,검경,7
20140418,이씨를,7
20140418,구명보트,7
20140418,출항,7
20140418,포착,7
20140418,박근혜,7
20140418,부부,7
20140418,엄마,7
20140418,당국,7
20140418,중요,7
20140418,포켓,7
20140418,검사,7
20140418,우승,7
20140418,부활,7
20140418,무실점,7
20140418,누나,6
20140418,페이스,6
20140418,여부,6
20140418,청해진해운,6
20140418,해서,6
20140418,해역,6
20140418,노답들,6
20140418,물품,6
20140418,악플,6
20140418,발언,6
20140418,언급,6
20140418,일침,6
20140418,하루종일,6
20140418,홍가혜는,6
20140418,실제,6
20140418,출연,6
20140418,전달,6
20140418,동참,6
20140418,하루,6
20140418,가짜,6
20140418,여자,6
20140418,행동,6
20140418,화영,6
20140418,계획,6
20140418,유포,6
20140418,말했,6
20140418,탑승자,6
20140418,도지사,6
20140418,민국,6
20140418,분위기,6
20140418,중대,6
20140418,처리,6
20140418,표기,6
20140418,가능,6
20140418,시도,6
20140418,이모,6
20140418,집중,6
20140418,피해,6
20140418,기회,6
20140418,업무상,6
20140418,적용,6
20140418,생사,6
20140418,장비,6
20140418,안행,6
20140418,어머니,6
20140418,대변인,6
20140418,헬기,6
20140418,항의,6
20140418,이특,5
20140418,박인영이,5
20140418,회장,5
20140418,여명,5
20140418,인력,5
20140418,유명,5
20140418,대피,5
20140418,매뉴얼,5
20140418,인천항,5
20140418,출발,5
20140418,측은,5
20140418,사흘째,5
20140418,아래,5
20140418,파도,5
20140418,사람들,5
20140418,침몰사고,5
20140418,대상,5
20140418,죄송,5
20140418,현지,5
20140418,대화,5
20140418,사칭,5
20140418,의혹,5
20140418,이것,5
20140418,비판,5
20140418,집계,5
20140418,활동,5
20140418,돌아오길,5
20140418,명복,5
20140418,있길,5
20140418,멤버,5
20140418,야구,5
20140418,용서,5
20140418,시분,5
20140418,모금,5
20140418,운동,5
20140418,전원,5
20140418,전화,5
20140418,규정,5
20140418,시속,5
20140418,이준석,5
20140418,조타수,5
20140418,해운업계,5
20140418,사흘,5
20140418,기원,5
20140418,하자,5
20140418,프로그램,5
20140418,분노,5
20140418,최선,5
20140418,해명,5
20140418,불꽃,5
20140418,영화,5
20140418,의미,5
20140418,시분쯤,5
20140418,식당,5
20140418,주입,5
20140418,경위,5
20140418,위치,5
20140418,신뢰,5
20140418,아이,5
20140418,조항,5
20140418,징역,5
20140418,청구,5
20140418,교수,5
20140418,숫자,5
20140418,안심,5
20140418,타이태닉호,5
20140418,무리,5
20140418,아버지,5
20140418,방향,5
20140418,목숨,5
20140418,병원,5
20140418,여기,5
20140418,사무실,5
20140418,압수수색,5
20140418,신원,5
20140418,아들,5
20140418,연락,5
20140418,얘기,5
20140418,여성,5
20140418,종합편성,5
20140418,협회,5
20140418,낙관,5
20140418,자리,5
20140418,호소,5
20140418,시신,5
20140418,공간,5
20140418,승리,5
20140418,장애인,5
20140418,자격증,4
20140418,출신,4
20140418,휴대폰,4
20140418,행위,4
20140418,녹취,4
20140418,브리핑,4
20140418,비상구,4
20140418,앵커,4
20140418,출동,4
20140418,출입,4
20140418,취재,4
20140418,통제,4
20140418,뱃머리,4
20140418,우리나라,4
20140418,유속,4
20140418,김창렬은,4
20140418,떼우고,4
20140418,사태,4
20140418,이동,4
20140418,정보,4
20140418,눈길,4
20140418,머리,4
20140418,본격,4
20140418,비통,4
20140418,전문,4
20140418,거짓말,4
20140418,트위터를,4
20140418,실패,4
20140418,특집,4
20140418,확정,4
20140418,구호,4
20140418,담요,4
20140418,교육청,4
20140418,악플러에,4
20140418,노트,4
20140418,대형,4
20140418,만큼,4
20140418,입사,4
20140418,최대,4
20140418,관심,4
20140418,어린이,4
20140418,방영,4
20140418,소속,4
20140418,노래,4
20140418,라디오,4
20140418,발표회,4
20140418,서울,4
20140418,제작,4
20140418,순간,4
20140418,처음,4
20140418,가중,4
20140418,실명,4
20140418,리그,4
20140418,체육관,4
20140418,측에,4
20140418,혼선,4
20140418,급박,4
20140418,방송이,4
20140418,문화,4
20140418,사회,4
20140418,이유,4
20140418,가중처벌,4
20140418,구속영장,4
20140418,처벌,4
20140418,수준,4
20140418,이슈,4
20140418,책임자,4
20140418,후진국,4
20140418,구속,4
20140418,급격,4
20140418,직전,4
20140418,충돌,4
20140418,연안,4
20140418,지휘,4
20140418,최종,4
20140418,목격,4
20140418,사설,4
20140418,어른,4
20140418,치료,4
20140418,훈련,4
20140418,배치,4
20140418,자료,4
20140418,통계,4
20140418,광주지검,4
20140418,가정,4
20140418,러시아,4
20140418,세르코프,4
20140418,기술인,4
20140418,한국산업,4
20140418,남성,4
20140418,않았다,4
20140418,정신,4
20140418,누구,4
20140418,동일인,4
20140418,인물,4
20140418,당일,4
20140418,말씀,4
20140418,대응,4
20140418,최악,4
20140418,신호,4
20140418,소개,4
20140418,출연자,4
20140418,아빠,4
20140418,무엇,4
20140418,노력,4
20140418,강씨,4
20140418,탁구,4
20140418,기독교,4
20140418,홍정길,4
20140418,뜬공,4
20140418,류현진,4
20140418,마무리,4
20140418,마운드,4
20140418,실점,4
20140418,연속,4
20140418,이닝,4
20140418,타선,4
20140418,투구,4
20140419,세월호,184
20140419,침몰,127
20140419,구조,73
20140419,대표,57
20140419,선박,55
20140419,선장,51
20140419,현장,49
20140419,들이,49
20140419,선체,45
20140419,가족,41
20140419,여객선,40
20140419,정부,40
20140419,이날,39
20140419,공기,39
20140419,진도,37
20140419,작업,37
20140419,학생,36
20140419,승객,36
20140419,때문,35
20140419,실종자,35
20140419,오전,34
20140419,안전,30
20140419,이번,29
20140419,당시,28
20140419,잠수,28
20140419,인터뷰,28
20140419,주입,28
20140419,대통령,28
20140419,시간,27
20140419,사고,27
20140419,민간,27
20140419,잠수부,27
20140419,오후,27
20140419,확인,27
20140419,하게,26
20140419,경기,26
20140419,상황,24
20140419,가능성,23
20140419,단원,23
20140419,국민,23
20140419,주장,22
20140419,상태,22
20140419,다이빙,22
20140419,사람,21
20140419,우리,21
20140419,진입,21
20140419,화물,21
20140419,모습,20
20140419,진행,20
20140419,홍가혜,20
20140419,하기,20
20140419,발견,20
20140419,시신,20
20140419,승무원,20
20140419,전문가,18
20140419,생존자,18
20140419,교사,18
20140419,관계자,17
20140419,송옥숙,17
20140419,방향,17
20140419,요원,17
20140419,차량,17
20140419,자신,16
20140419,경찰,16
20140419,지원,16
20140419,시작,16
20140419,투입,16
20140419,반응,15
20140419,공식,15
20140419,사과,15
20140419,장관,15
20140419,발생,14
20140419,이상,14
20140419,장비,14
20140419,수색,14
20140419,탈출,14
20140419,인양,14
20140419,하나,14
20140419,교수,14
20140419,감독,14
20140419,후보,14
20140419,세월,13
20140419,원인,13
20140419,가운데,13
20140419,해상,13
20140419,내용,13
20140419,발언,13
20140419,경우,13
20140419,조타실,13
20140419,포함,13
20140419,부모,13
20140419,관련,12
20140419,구조작업,12
20140419,국내,12
20140419,뉴스,12
20140419,에어,12
20140419,포켓,12
20140419,사용,12
20140419,결과,12
20140419,해양,12
20140419,병원,12
20140419,유가족,12
20140419,컨테이너,12
20140419,승리,12
20140419,방송,11
20140419,제기,11
20140419,호의,11
20140419,보도,11
20140419,적재,11
20140419,선실,11
20140419,안산,11
20140419,이후,11
20140419,빈소,11
20140419,대책,11
20140419,방문,10
20140419,사실,10
20140419,사이,10
20140419,혐의,10
20140419,기술,10
20140419,남편,10
20140419,최대,10
20140419,조사,10
20140419,침몰사고,10
20140419,내부,10
20140419,일부,10
20140419,재난,10
20140419,지적,10
20140419,류현진은,10
20140419,교감,10
20140419,대표팀,10
20140419,결정,9
20140419,운항,9
20140419,꾼들,9
20140419,누리,9
20140419,인근,9
20140419,소식,9
20140419,바다,9
20140419,사망자,9
20140419,설치,9
20140419,수습,9
20140419,해역,9
20140419,선원,9
20140419,충격,9
20140419,부분,9
20140419,선내,9
20140419,관리,9
20140419,마련,9
20140419,대형,9
20140419,접근,9
20140419,제출,9
20140419,학교,9
20140419,만원,9
20140419,사건,8
20140419,아이들,8
20140419,해당,8
20140419,정도,8
20140419,누구,8
20140419,대화,8
20140419,처리,8
20140419,연결,8
20140419,변침,8
20140419,지시,8
20140419,당국,8
20140419,시도,8
20140419,문제,8
20140419,유족,8
20140419,정신,8
20140419,갑판,8
20140419,자리,8
20140419,장치,8
20140419,의원,8
20140419,발표,8
20140419,구명보트,7
20140419,안내,7
20140419,김정구,7
20140419,보였,7
20140419,직원,7
20140419,진짜,7
20140419,홍가혜는,7
20140419,방침,7
20140419,물속,7
20140419,최고,7
20140419,출연,7
20140419,이유,7
20140419,균형,7
20140419,여성,7
20140419,조류,7
20140419,탑승객,7
20140419,학부모,7
20140419,국장,7
20140419,말했,7
20140419,구명정,7
20140419,미국,7
20140419,박근혜,7
20140419,교육,7
20140419,장례식장,7
20140419,무게중심,7
20140419,규정,7
20140419,기본,7
20140419,공무원,7
20140419,본부,7
20140419,실내체육관,7
20140419,성공,7
20140419,상대,7
20140419,안타,7
20140419,위로,7
20140419,홈런,7
20140419,새누리당,7
20140419,법안,7
20140419,시스템,7
20140419,매뉴얼,6
20140419,회사,6
20140419,도착,6
20140419,사진,6
20140419,선사,6
20140419,트위터에,6
20140419,사칭,6
20140419,브리핑,6
20140419,직후,6
20140419,파악,6
20140419,동안,6
20140419,배우,6
20140419,제한,6
20140419,개발자,6
20140419,지휘,6
20140419,결방,6
20140419,예능,6
20140419,처음,6
20140419,사망,6
20140419,차례,6
20140419,분노,6
20140419,실종,6
20140419,책임,6
20140419,리프트,6
20140419,바닥,6
20140419,희망,6
20140419,이탈리아,6
20140419,한국,6
20140419,신원,6
20140419,전체,6
20140419,상담,6
20140419,심리,6
20140419,운영,6
20140419,전문,6
20140419,과정,6
20140419,자기,6
20140419,훈련,6
20140419,박주,6
20140419,새정치,6
20140419,연합,6
20140419,영상,6
20140419,작년,6
20140419,행정부,6
20140419,류현진이,6
20140419,희생자,6
20140419,탑재,6
20140419,폭탄주,6
20140419,부원,6
20140419,연수,6
20140419,지난해,6
20140419,입장,6
20140419,월드컵,6
20140419,상조,6
20140419,급선회,5
20140419,명령,5
20140419,약속,5
20140419,논란,5
20140419,야구,5
20140419,행동,5
20140419,수사,5
20140419,경력,5
20140419,공사,5
20140419,그쪽,5
20140419,급파,5
20140419,부부,5
20140419,세원,5
20140419,알려졌,5
20140419,알파,5
20140419,양옆,5
20140419,이해,5
20140419,참여,5
20140419,확률,5
20140419,언급,5
20140419,유속,5
20140419,녹화,5
20140419,도전,5
20140419,무한,5
20140419,애도,5
20140419,예정,5
20140419,비판,5
20140419,각도,5
20140419,업무상,5
20140419,객실,5
20140419,유리,5
20140419,주변,5
20140419,집중,5
20140419,대기,5
20140419,이용,5
20140419,무리,5
20140419,요구,5
20140419,조타수,5
20140419,수중,5
20140419,대통령의,5
20140419,평가,5
20140419,피해,5
20140419,안산시,5
20140419,지역,5
20140419,각종,5
20140419,경비,5
20140419,시각,5
20140419,적용,5
20140419,도교육,5
20140419,위험,5
20140419,전타,5
20140419,조타기,5
20140419,자동차,5
20140419,가능,5
20140419,위해,5
20140419,출항,5
20140419,트럭,5
20140419,고정,5
20140419,사흘째,5
20140419,일본에,5
20140419,파도,5
20140419,민주,5
20140419,성능,5
20140419,완화,5
20140419,조선,5
20140419,아버지,5
20140419,아이,5
20140419,초구,5
20140419,학년,5
20140419,화장,5
20140419,의혹,5
20140419,국회,5
20140419,지출,5
20140419,홍명보,5
20140419,항해사,4
20140419,박인영,4
20140419,비롯,4
20140419,참사,4
20140419,친구,4
20140419,대상,4
20140419,언론,4
20140419,최선,4
20140419,홍가혜와,4
20140419,화제,4
20140419,거짓말,4
20140419,거짓,4
20140419,긴급,4
20140419,네티즌,4
20140419,비난,4
20140419,표류,4
20140419,연속,4
20140419,오늘,4
20140419,차원,4
20140419,촬영,4
20140419,취소,4
20140419,과실,4
20140419,등항해사,4
20140419,오른쪽,4
20140419,위반,4
20140419,이전,4
20140419,지점,4
20140419,나흘째,4
20140419,부근,4
20140419,시분,4
20140419,실패,4
20140419,인력,4
20140419,최초,4
20140419,추정,4
20140419,탑승자,4
20140419,무엇,4
20140419,조치,4
20140419,구속,4
20140419,평소,4
20140419,합동,4
20140419,요청,4
20140419,절망,4
20140419,해저,4
20140419,능력,4
20140419,대응,4
20140419,대처,4
20140419,시행,4
20140419,않았다,4
20140419,좌초,4
20140419,건강증진,4
20140419,센터,4
20140419,일반,4
20140419,통합,4
20140419,검찰,4
20140419,대장,4
20140419,여명,4
20140419,장면,4
20140419,가슴,4
20140419,복원력,4
20140419,이야기,4
20140419,침수,4
20140419,건조,4
20140419,대부분,4
20140419,사회,4
20140419,인명,4
20140419,점검,4
20140419,필요,4
20140419,대수,4
20140419,불과,4
20140419,헬기,4
20140419,노후,4
20140419,명목,4
20140419,선령,4
20140419,시절,4
20140419,생존,4
20140419,당국자,4
20140419,설명,4
20140419,식당,4
20140419,준비,4
20140419,첨단,4
20140419,동료,4
20140419,마음,4
20140419,사랑,4
20140419,얼굴,4
20140419,자이언츠,4
20140419,전날,4
20140419,타자,4
20140419,표정,4
20140419,사람들,4
20140419,수학,4
20140419,여행,4
20140419,새누리당은,4
20140419,예비,4
20140419,메시지,4
20140419,인정,4
20140419,활동,4
20140419,회의,4
20140419,고등학교,4
20140419,검사,4
20140419,안전교육,4
20140419,접대비,4
20140419,선수,4
20140419,수비,4
20140419,문자,4
20140419,통화,4
20140419,사례,4
20140419,브로커,4
20140420,세월호,283
20140420,진도,276
20140420,침몰,133
20140420,구조,88
20140420,연안,78
20140420,에이스,71
20140420,오전,62
20140420,탈출,62
20140420,기부,56
20140420,승객,55
20140420,상태,46
20140420,드래곤,43
20140420,교신,36
20140420,좌현,34
20140420,선장,33
20140420,실종자,31
20140420,가족,30
20140420,선박,28
20140420,당시,27
20140420,여객선,27
20140420,확인,27
20140420,소식,27
20140420,탤벗,26
20140420,인터뷰,24
20140420,잉샹,23
20140420,단원,23
20140420,학생,23
20140420,구명,22
20140420,상황,22
20140420,접근,22
20140420,송승헌,22
20140420,도착,21
20140420,여기,21
20140420,인근,21
20140420,들이,20
20140420,방송,20
20140420,류현진,20
20140420,시간,19
20140420,해상,19
20140420,협조,19
20140420,기적,19
20140420,마지막,19
20140420,승무원,19
20140420,재난,18
20140420,사고,17
20140420,사람,17
20140420,제주,17
20140420,작업,17
20140420,수습,17
20140420,불가능,16
20140420,지원,16
20140420,국민,16
20140420,경찰,16
20140420,현장,15
20140420,꾼들,15
20140420,누리,15
20140420,반응,15
20140420,생존자,15
20140420,병풍,14
20140420,시분,14
20140420,예정,14
20140420,판단,14
20140420,항해,14
20140420,사망자,14
20140420,거짓,14
20140420,이후,14
20140420,오후,14
20140420,선원,13
20140420,이동,13
20140420,헬기,13
20140420,말씀,12
20140420,스타,12
20140420,요청,12
20140420,저희,12
20140420,침수,12
20140420,정부,12
20140420,홍가혜,12
20140420,지시,12
20140420,이날,12
20140420,추가,12
20140420,지역,12
20140420,감도,11
20140420,몬두스,11
20140420,조치,11
20140420,차례,11
20140420,하게,11
20140420,관련,11
20140420,대책,11
20140420,그쪽,10
20140420,내용,10
20140420,북방,10
20140420,우리,10
20140420,하기,10
20140420,해서,10
20140420,발생,10
20140420,자신,10
20140420,민간,10
20140420,특별,10
20140420,경비,9
20140420,마일,9
20140420,바다,9
20140420,본선,9
20140420,승선원,9
20140420,안전,9
20140420,인명,9
20140420,적극,9
20140420,조끼,9
20140420,뉴스,9
20140420,잠수부,9
20140420,체포영장,9
20140420,하늘,9
20140420,마음,9
20140420,측은,9
20140420,본부,9
20140420,동안,9
20140420,결정,8
20140420,대기,8
20140420,라이프,8
20140420,제원,8
20140420,착용,8
20140420,투하,8
20140420,보였,8
20140420,기도,8
20140420,사실,8
20140420,경기,8
20140420,합동,8
20140420,구명정,7
20140420,구조작업,7
20140420,당일,7
20140420,때문,7
20140420,방송이,7
20140420,불가,7
20140420,세월,7
20140420,시작,7
20140420,이상,7
20140420,진행,7
20140420,필요,7
20140420,투입,7
20140420,발부,7
20140420,생각,7
20140420,간절,7
20140420,탤벗은,7
20140420,온주완,7
20140420,직후,7
20140420,추정,7
20140420,해상교통,7
20140420,조사,7
20140420,각국,6
20140420,각선,6
20140420,공개,6
20140420,구조활동,6
20140420,선회,6
20140420,센터,6
20140420,양지,6
20140420,위험,6
20140420,정도,6
20140420,지금,6
20140420,하시,6
20140420,한라,6
20140420,발인,6
20140420,집계됐,6
20140420,발견,6
20140420,수색,6
20140420,배우,6
20140420,약속,6
20140420,프로그램,6
20140420,교신했다,6
20140420,호의,6
20140420,선포,6
20140420,훈련,6
20140420,합수부는,6
20140420,홍씨,6
20140420,구명동의,5
20140420,구출,5
20140420,근접,5
20140420,도분,5
20140420,두라에이스,5
20140420,보트,5
20140420,사건,5
20140420,상선,5
20140420,시도,5
20140420,연락,5
20140420,위치,5
20140420,인명구조,5
20140420,좌우,5
20140420,준비,5
20140420,토록,5
20140420,통신,5
20140420,항공,5
20140420,항로,5
20140420,해역,5
20140420,아이들,5
20140420,위로,5
20140420,시신,5
20140420,이름,5
20140420,트위터에,5
20140420,행동,5
20140420,실시간,5
20140420,유족,5
20140420,만큼,5
20140420,수익금,5
20140420,영국,5
20140420,전화,5
20140420,결방,5
20140420,출연,5
20140420,부탁,5
20140420,국방부,5
20140420,충돌,5
20140420,유가족,5
20140420,병장,5
20140420,이준석,5
20140420,선사,5
20140420,선체,5
20140420,일부,5
20140420,파악,5
20140420,방문,5
20140420,계속,4
20140420,귀선에,4
20140420,녹취,4
20140420,니스,4
20140420,부근,4
20140420,부산,4
20140420,저희들,4
20140420,제온,4
20140420,출발,4
20140420,호출,4
20140420,가운데,4
20140420,기준,4
20140420,눈물,4
20140420,병원,4
20140420,사망,4
20140420,김정구,4
20140420,모두,4
20140420,형님,4
20140420,문제,4
20140420,분통,4
20140420,정동,4
20140420,관심,4
20140420,문자,4
20140420,스미싱,4
20140420,인터넷,4
20140420,애도,4
20140420,하루,4
20140420,구호,4
20140420,오디션,4
20140420,대단,4
20140420,편성,4
20140420,희생자,4
20140420,급박,4
20140420,대피,4
20140420,항만,4
20140420,수사,4
20140420,작전,4
20140420,주장,4
20140420,제공,4
20140420,파견,4
20140420,친구,4
20140420,항해사,4
20140420,개월,4
20140420,소환,4
20140420,이번,4
20140420,대응,4
20140420,오늘,4
20140420,고인,4
20140420,안산,4
20140420,공식,4
20140420,사무실,4
20140420,탑승객,4
20140420,항의,4
20140420,국무총리,4
20140420,정홍원,4
20140421,세월호,374
20140421,침몰,258
20140421,가족,93
20140421,구조,93
20140421,들이,74
20140421,실종자,70
20140421,경찰,69
20140421,학생,69
20140421,진도,68
20140421,선장,62
20140421,사고,57
20140421,시간,55
20140421,대통령,54
20140421,선박,54
20140421,회장,53
20140421,상황,52
20140421,하기,50
20140421,당시,50
20140421,안전,47
20140421,여행,46
20140421,정부,45
20140421,예정,45
20140421,하게,44
20140421,홍가혜,44
20140421,오전,43
20140421,참사,43
20140421,여객선,41
20140421,인터뷰,40
20140421,기부,40
20140421,자신,39
20140421,이번,39
20140421,발생,39
20140421,이날,39
20140421,때문,39
20140421,항해사,39
20140421,마음,38
20140421,사람,38
20140421,애도,38
20140421,국민,38
20140421,관련,37
20140421,진행,37
20140421,투입,37
20140421,탈출,36
20140421,주장,35
20140421,소식,35
20140421,승무원,35
20140421,작업,34
20140421,확인,34
20140421,오후,33
20140421,승객,33
20140421,희생자,33
20140421,내용,33
20140421,다이빙,33
20140421,단원,32
20140421,대표,32
20140421,기도,31
20140421,상태,30
20140421,우리,30
20140421,수색,30
20140421,방송,29
20140421,현장,29
20140421,가능성,29
20140421,기적,28
20140421,수학,28
20140421,이상,28
20140421,트위터에,27
20140421,교신,27
20140421,잠수부,26
20140421,누리,25
20140421,반응,25
20140421,뉴스,25
20140421,전달,25
20140421,잠수,25
20140421,꾼들,24
20140421,선체,24
20140421,결정,24
20140421,생존자,24
20140421,이후,24
20140421,민간,24
20140421,조사,23
20140421,생각,23
20140421,사실,23
20140421,관계자,22
20140421,제주,22
20140421,실종,22
20140421,아해,22
20140421,과정,21
20140421,배우,21
20140421,선원,21
20140421,박근혜,21
20140421,공식,21
20140421,해상,21
20140421,경기,20
20140421,전문가,20
20140421,합동,20
20140421,안산,20
20140421,경우,19
20140421,수사,19
20140421,출두,19
20140421,문제,19
20140421,시작,19
20140421,훈련,19
20140421,선사,19
20140421,가운데,18
20140421,발부,18
20140421,책임,18
20140421,보였,18
20140421,지원,18
20140421,공개,18
20140421,한국,18
20140421,논란,18
20140421,운항,18
20140421,회사,18
20140421,체포영장,17
20140421,출석,17
20140421,설명,17
20140421,사건,17
20140421,전화,17
20140421,해역,17
20140421,재난,17
20140421,정도,17
20140421,이유,17
20140421,학년,17
20140421,단체,17
20140421,결과,16
20140421,아이들,16
20140421,목소리,16
20140421,세월,16
20140421,퇴선,16
20140421,조류,16
20140421,장비,16
20140421,점검,16
20140421,포함,15
20140421,미국,15
20140421,혐의,15
20140421,해양,15
20140421,호의,15
20140421,동안,15
20140421,차례,15
20140421,필요,15
20140421,잠수함,15
20140421,지역,15
20140421,충돌,15
20140421,지시,15
20140421,출항,15
20140421,모습,14
20140421,사과,14
20140421,일부,14
20140421,진짜,14
20140421,피해자,14
20140421,정상,14
20140421,위로,14
20140421,활동,14
20140421,하루,14
20140421,검사,14
20140421,구명,14
20140421,해서,14
20140421,원인,14
20140421,자주민,14
20140421,음악,14
20140421,진입,14
20140421,근무,14
20140421,학교,14
20140421,명령,14
20140421,양학,14
20140421,행사,13
20140421,게재,13
20140421,마지막,13
20140421,자리,13
20140421,말했,13
20140421,조끼,13
20140421,소속,13
20140421,미군,13
20140421,수습,13
20140421,화물,13
20140421,아들,13
20140421,시신,13
20140421,지휘,13
20140421,대의원,13
20140421,언론,12
20140421,사망,12
20140421,사진,12
20140421,세계,12
20140421,이용,12
20140421,인터넷,12
20140421,작성,12
20140421,기술,12
20140421,유족,12
20140421,오늘,12
20140421,시인,12
20140421,북한,12
20140421,여명,12
20140421,체육관,12
20140421,라디오,12
20140421,청해진해운,12
20140421,국가,12
20140421,공무원,12
20140421,의협,12
20140421,보도,11
20140421,비판,11
20140421,스타,11
20140421,무사,11
20140421,승선,11
20140421,측은,11
20140421,홈페이지,11
20140421,분노,11
20140421,판단,11
20140421,홍가혜는,11
20140421,친구,11
20140421,부분,11
20140421,사이,11
20140421,연안,11
20140421,인근,11
20140421,다저스,11
20140421,수사본부,11
20140421,예배,11
20140421,인양,11
20140421,유속,11
20140421,위험,11
20140421,전체,11
20140421,박씨,11
20140421,대응,11
20140421,병장,11
20140421,이동,11
20140421,대책,11
20140421,성공,11
20140421,사진작가,11
20140421,당국,10
20140421,사람들,10
20140421,중요,10
20140421,직후,10
20140421,출연,10
20140421,취소,10
20140421,특보,10
20140421,유가족,10
20140421,추가,10
20140421,연기,10
20140421,정보,10
20140421,관제센터,10
20140421,인명,10
20140421,탑승객,10
20140421,류현진은,10
20140421,사인,10
20140421,소리,10
20140421,연합,10
20140421,진술,10
20140421,국내,10
20140421,만원,10
20140421,서울,10
20140421,교회,10
20140421,설치,10
20140421,바지선,10
20140421,내부,10
20140421,조타기,10
20140421,연대,10
20140421,거짓,9
20140421,도움,9
20140421,기사,9
20140421,동참,9
20140421,류현진,9
20140421,촬영,9
20140421,기원,9
20140421,안산시,9
20140421,국제,9
20140421,발언,9
20140421,전원,9
20140421,택시,9
20140421,규정,9
20140421,바다,9
20140421,수산,9
20140421,해운,9
20140421,지적,9
20140421,기록,9
20140421,지난해,9
20140421,어선,9
20140421,자체,9
20140421,하자,9
20140421,가능,9
20140421,조금,9
20140421,협회,9
20140421,계획,9
20140421,사회,9
20140421,새벽,9
20140421,이름,9
20140421,장관,9
20140421,특별,9
20140421,대처,9
20140421,도착,9
20140421,목숨,9
20140421,강조,9
20140421,의혹,9
20140421,대형,9
20140421,매뉴얼,9
20140421,후보,9
20140421,사업,9
20140421,부모님,8
20140421,생존,8
20140421,우리나라,8
20140421,유포,8
20140421,허위,8
20140421,공동,8
20140421,충격,8
20140421,사용,8
20140421,희생,8
20140421,스미싱,8
20140421,행위,8
20140421,신분,8
20140421,선내,8
20140421,여부,8
20140421,구호,8
20140421,매체,8
20140421,마련,8
20140421,방식,8
20140421,상대,8
20140421,약속,8
20140421,기간,8
20140421,조타수,8
20140421,합수부는,8
20140421,희망,8
20140421,방법,8
20140421,파악,8
20140421,노후,8
20140421,통과,8
20140421,자식,8
20140421,브리핑,8
20140421,박씨는,8
20140421,실내체육관,8
20140421,대화,8
20140421,그동안,8
20140421,사무실,8
20140421,수중,8
20140421,이씨는,8
20140421,인사,8
20140421,마을,8
20140421,프랑,8
20140421,각종,7
20140421,메시지,7
20140421,요구,7
20140421,병원,7
20140421,시각,7
20140421,인원,7
20140421,앞바다,7
20140421,준비,7
20140421,귀환,7
20140421,대변인,7
20140421,밝혔,7
20140421,청와대,7
20140421,삼성,7
20140421,주요,7
20140421,일침,7
20140421,명예훼손,7
20140421,방침,7
20140421,않았다,7
20140421,입장,7
20140421,민은,7
20140421,녹취,7
20140421,다음,7
20140421,담당,7
20140421,조합,7
20140421,최대,7
20140421,항목,7
20140421,해당,7
20140421,당일,7
20140421,대부분,7
20140421,언급,7
20140421,요청,7
20140421,무엇,7
20140421,참석,7
20140421,나라,7
20140421,비난,7
20140421,발표,7
20140421,검경,7
20140421,검찰,7
20140421,방향,7
20140421,전국,7
20140421,당신,7
20140421,서현,7
20140421,부활절,7
20140421,편지,7
20140421,정씨는,7
20140421,손연재는,7
20140421,차량,7
20140421,비롯,7
20140421,이전,7
20140421,선령,7
20140421,사망자,7
20140421,탐색,7
20140421,시도,7
20140421,전날,7
20140421,부모,7
20140421,카카오톡,7
20140421,직원,7
20140421,미개,7
20140421,행정부,7
20140421,국장,7
20140421,일보,7
20140421,대회,7
20140421,선두,7
20140421,고통,6
20140421,균형,6
20140421,보도국장,6
20140421,전망,6
20140421,확정,6
20140421,편성,6
20140421,가슴,6
20140421,기부금,6
20140421,청소년,6
20140421,치료,6
20140421,눈물,6
20140421,출발,6
20140421,고등학교,6
20140421,영국,6
20140421,전문,6
20140421,개최,6
20140421,뮤직,6
20140421,이벤트,6
20140421,문자,6
20140421,악용,6
20140421,가지,6
20140421,관심,6
20140421,상처,6
20140421,얘기,6
20140421,적용,6
20140421,사랑,6
20140421,일본에,6
20140421,하나,6
20140421,구명정,6
20140421,시운전,6
20140421,조선,6
20140421,직전,6
20140421,착용,6
20140421,제공,6
20140421,참여,6
20140421,출신,6
20140421,현지,6
20140421,방안,6
20140421,본부,6
20140421,류현진이,6
20140421,연속,6
20140421,금지,6
20140421,급격,6
20140421,제기,6
20140421,제목,6
20140421,좌초,6
20140421,허가,6
20140421,조치,6
20140421,침몰사고,6
20140421,아내,6
20140421,부족,6
20140421,교사,6
20140421,생명,6
20140421,생환,6
20140421,게시물,6
20140421,제한,6
20140421,개조,6
20140421,수리,6
20140421,조씨는,6
20140421,사실상,6
20140421,역린,6
20140421,통화,6
20140421,사태,6
20140421,교황,6
20140421,사례,6
20140421,사연,6
20140421,기업,6
20140421,문화,6
20140421,이행,6
20140421,개월,6
20140421,순직,6
20140421,탑승자,6
20140421,구체,6
20140421,김씨는,6
20140421,이성,6
20140421,방문,6
20140421,여객,6
20140421,가이드라인,6
20140421,정확,6
20140421,무인,6
20140421,원격,6
20140421,유병언,6
20140421,로봇,6
20140421,민권,6
20140421,위기,6
20140421,우승,6
20140421,검토,5
20140421,결방,5
20140421,근거,5
20140421,변경,5
20140421,일어나길,5
20140421,추모,5
20140421,프로그램,5
20140421,드라마,5
20140421,해외,5
20140421,엄마,5
20140421,올해,5
20140421,대한,5
20140421,경북,5
20140421,구미,5
20140421,모집했지면,5
20140421,역대,5
20140421,전환,5
20140421,피의자,5
20140421,홍가혜가,5
20140421,훼손,5
20140421,휴대,5
20140421,과거,5
20140421,공인,5
20140421,관계,5
20140421,기관,5
20140421,의미,5
20140421,해수,5
20140421,센터,5
20140421,역할,5
20140421,좌우,5
20140421,해상교통,5
20140421,구세군,5
20140421,긴급,5
20140421,일정,5
20140421,도전,5
20140421,수백,5
20140421,의견,5
20140421,선포,5
20140421,수십,5
20140421,실시,5
20140421,연락,5
20140421,위치,5
20140421,자기,5
20140421,주변,5
20140421,강씨,5
20140421,규명,5
20140421,김모,5
20140421,시행,5
20140421,위반,5
20140421,유기,5
20140421,작년,5
20140421,물품,5
20140421,박재민,5
20140421,정규방송,5
20140421,부스,5
20140421,분위기,5
20140421,팽목항에,5
20140421,분석,5
20140421,산소,5
20140421,수준,5
20140421,졸업,5
20140421,혼란,5
20140421,고정,5
20140421,맹골수도,5
20140421,어려움,5
20140421,업무,5
20140421,해군,5
20140421,이틀,5
20140421,인천,5
20140421,프로,5
20140421,탑승,5
20140421,영화,5
20140421,船社,5
20140421,년대,5
20140421,뇌경색,5
20140421,식당,5
20140421,거론,5
20140421,경제,5
20140421,동원,5
20140421,이준석,5
20140421,수행,5
20140421,죽음,5
20140421,교육,5
20140421,기관사,5
20140421,비상,5
20140421,잘못된,5
20140421,명단,5
20140421,국무총리,5
20140421,기준,5
20140421,봉사자,5
20140421,순간,5
20140421,자원봉사자,5
20140421,확보,5
20140421,빈소,5
20140421,구간,5
20140421,단위,5
20140421,계속,5
20140421,장례식장,5
20140421,반성,5
20140421,존재,5
20140421,존스,5
20140421,대비,5
20140421,답신,5
20140421,무전기,5
20140421,환경,5
20140421,분야,5
20140421,개발,5
20140421,부처,5
20140421,해임,5
20140421,남북,5
20140421,인정,5
20140421,소규모,5
20140421,외국,5
20140421,참가,5
20140421,홍씨는,5
20140421,그대,5
20140421,의사,5
20140421,탄핵,5
20140421,착지,5
20140421,가수,4
20140421,네티즌,4
20140421,비통,4
20140421,우울,4
20140421,직업,4
20140421,채널,4
20140421,회의,4
20140421,다수,4
20140421,소속사,4
20140421,평소,4
20140421,하지원,4
20140421,하지원이,4
20140421,아이,4
20140421,장면,4
20140421,기구,4
20140421,번째,4
20140421,중단,4
20140421,측이,4
20140421,팬사인회,4
20140421,주소,4
20140421,찬성,4
20140421,얼굴,4
20140421,확산,4
20140421,봉사,4
20140421,화제,4
20140421,단독,4
20140421,영상,4
20140421,정박,4
20140421,판정,4
20140421,한국선급은,4
20140421,그쪽,4
20140421,대기,4
20140421,바닷물,4
20140421,본선,4
20140421,분간,4
20140421,신고,4
20140421,안내방송,4
20140421,위급,4
20140421,구조활동,4
20140421,생필품,4
20140421,수익금,4
20140421,자원봉사,4
20140421,활용,4
20140421,다저,4
20140421,등판,4
20140421,선발,4
20140421,스타디움,4
20140421,승패,4
20140421,시즌,4
20140421,실점,4
20140421,애리조나,4
20140421,이닝,4
20140421,일한국,4
20140421,자유,4
20140421,필라델피아,4
20140421,홈경기,4
20140421,신청,4
20140421,정신,4
20140421,진중,4
20140421,국방부,4
20140421,뭔가,4
20140421,수차례,4
20140421,어뢰,4
20140421,작전,4
20140421,제출,4
20140421,항로,4
20140421,대피,4
20140421,변침,4
20140421,속도,4
20140421,측에,4
20140421,그날,4
20140421,성금,4
20140421,유도,4
20140421,사항,4
20140421,정원,4
20140421,담임목사,4
20140421,당부,4
20140421,목사,4
20140421,선생님,4
20140421,손길,4
20140421,악성,4
20140421,회원,4
20140421,유리,4
20140421,제작,4
20140421,실제,4
20140421,우려,4
20140421,공기,4
20140421,요원,4
20140421,천안함,4
20140421,시절,4
20140421,아시안게임,4
20140421,고장,4
20140421,발견,4
20140421,복구,4
20140421,적재,4
20140421,중심,4
20140421,컨테이너,4
20140421,합수부,4
20140421,개봉,4
20140421,증언,4
20140421,건조,4
20140421,비용,4
20140421,업체,4
20140421,조종,4
20140421,화재,4
20140421,스트레스,4
20140421,아버지,4
20140421,한미,4
20140421,남자,4
20140421,사무장,4
20140421,소개,4
20140421,첫날,4
20140421,의무,4
20140421,머리,4
20140421,병사,4
20140421,부산,4
20140421,불과,4
20140421,관리,4
20140421,노력,4
20140421,선진국,4
20140421,정신력,4
20140421,책임감,4
20140421,해기사,4
20140421,단계,4
20140421,물살,4
20140421,시스템,4
20140421,주재,4
20140421,철저,4
20140421,시민,4
20140421,심리,4
20140421,행정,4
20140421,객실,4
20140421,반면,4
20140421,임시,4
20140421,안내,4
20140421,장례,4
20140421,항의,4
20140421,해운사,4
20140421,박씨가,4
20140421,무료,4
20140421,새누리당,4
20140421,제안,4
20140421,페이스,4
20140421,사정,4
20140421,대교,4
20140421,대치,4
20140421,절차,4
20140421,책임자,4
20140421,민관,4
20140421,수위,4
20140421,운영,4
20140421,동아,4
20140421,무책임,4
20140421,볼트,4
20140421,케이블,4
20140421,기념,4
20140421,사표,4
20140421,송영,4
20140421,징계,4
20140421,라인,4
20140421,타임,4
20140421,저녁,4
20140421,안전불감증,4
20140421,비무장,4
20140421,라운드,4
20140421,버디,4
20140421,지급,4
20140421,불신,4
20140421,불신임,4
20140421,난도,4
20140421,도마,4
20140422,세월호,200
20140422,침몰,114
20140422,가족,84
20140422,한가,78
20140422,실종자,70
20140422,안전,62
20140422,임신,57
20140422,들이,55
20140422,진도,47
20140422,구조,44
20140422,승객,41
20140422,선장,40
20140422,정부,40
20140422,사람,39
20140422,선박,38
20140422,확인,35
20140422,대통령,34
20140422,이날,34
20140422,국민,34
20140422,상황,33
20140422,방송,30
20140422,사고,29
20140422,의원,29
20140422,하게,28
20140422,오전,27
20140422,선원,26
20140422,소식,26
20140422,학생,26
20140422,당시,25
20140422,퇴선,25
20140422,명령,23
20140422,항해사,22
20140422,시신,22
20140422,책임,21
20140422,시간,21
20140422,기부,21
20140422,대응,21
20140422,연정,21
20140422,세월,20
20140422,관련,20
20140422,희생자,20
20140422,반응,20
20140422,우리,20
20140422,학부모,20
20140422,재난,20
20140422,때문,19
20140422,호의,19
20140422,관계자,19
20140422,단원,19
20140422,이번,19
20140422,자신,19
20140422,하기,19
20140422,현장,19
20140422,출연,19
20140422,탈출,19
20140422,작업,19
20140422,안행,19
20140422,중국,19
20140422,과정,18
20140422,이후,18
20140422,경찰,18
20140422,참사,18
20140422,경기,18
20140422,후보,18
20140422,사회,18
20140422,유산,18
20140422,주장,17
20140422,세계,17
20140422,문제,16
20140422,애도,16
20140422,여행,16
20140422,예정,16
20140422,행사,16
20140422,활동,16
20140422,가능성,15
20140422,생각,15
20140422,미개,15
20140422,경선,15
20140422,대표,15
20140422,공무원,15
20140422,보도,14
20140422,원인,14
20140422,해양,14
20140422,승무원,14
20140422,누리,14
20140422,정몽준,14
20140422,발언,14
20140422,요청,14
20140422,발생,14
20140422,체육관,14
20140422,이상,13
20140422,박근혜,13
20140422,언론,13
20140422,인근,13
20140422,꾼들,13
20140422,논란,13
20140422,아들,13
20140422,수색,13
20140422,아이들,13
20140422,일부,13
20140422,결과,12
20140422,기자,12
20140422,사실,12
20140422,수산,12
20140422,앵커,12
20140422,정도,12
20140422,사람들,12
20140422,의혹,12
20140422,수학,12
20140422,계획,12
20140422,가운데,12
20140422,일정,12
20140422,송정,12
20140422,사진,12
20140422,분위기,12
20140422,수습,12
20140422,선동,12
20140422,대책,11
20140422,본부,11
20140422,해운,11
20140422,마음,11
20140422,국가,11
20140422,사과,11
20140422,아이,11
20140422,진행,11
20140422,해서,11
20140422,연합,11
20140422,관리,11
20140422,노란,11
20140422,드라마,11
20140422,권은희,11
20140422,대자보,11
20140422,화제,11
20140422,동안,10
20140422,해당,10
20140422,청와대,10
20140422,페이스,10
20140422,소속사,10
20140422,과거,10
20140422,조타실,10
20140422,지시,10
20140422,교신,10
20140422,신호,10
20140422,새정치,10
20140422,구명,10
20140422,도착,10
20140422,시민,10
20140422,당일,9
20140422,분석,9
20140422,사이,9
20140422,제기,9
20140422,조타수,9
20140422,진술,9
20140422,해수,9
20140422,경우,9
20140422,사건,9
20140422,실제,9
20140422,위험,9
20140422,점검,9
20140422,조직,9
20140422,행정,9
20140422,미국,9
20140422,배우,9
20140422,상태,9
20140422,이름,9
20140422,인터뷰,9
20140422,네티즌,9
20140422,목사,9
20140422,실종,9
20140422,아동,9
20140422,정치,9
20140422,무전기,9
20140422,오후,9
20140422,서해훼리호,9
20140422,해역,9
20140422,모습,9
20140422,나라,9
20140422,변침,8
20140422,정전,8
20140422,검찰,8
20140422,관행,8
20140422,대부분,8
20140422,비롯,8
20140422,수사,8
20140422,이유,8
20140422,제주,8
20140422,조합,8
20140422,하나,8
20140422,결정,8
20140422,공개,8
20140422,사인,8
20140422,여명,8
20140422,전달,8
20140422,성금,8
20140422,전화,8
20140422,게재,8
20140422,조치,8
20140422,합동,8
20140422,예비,8
20140422,운영,8
20140422,채널,8
20140422,질문,8
20140422,기업,8
20140422,발전,8
20140422,캠페인,8
20140422,눈물,8
20140422,병원,8
20140422,부모,8
20140422,조심,8
20140422,생존자,8
20140422,필요,8
20140422,시작,8
20140422,외부,8
20140422,부처,8
20140422,전체,8
20140422,행정부,8
20140422,민간,8
20140422,부부,8
20140422,인의,8
20140422,이벤트,8
20140422,선체,7
20140422,조선,7
20140422,기관사,7
20140422,담당,7
20140422,무책임,7
20140422,진짜,7
20140422,화물,7
20140422,회사,7
20140422,류현진은,7
20140422,시각,7
20140422,내용,7
20140422,자체,7
20140422,유가족,7
20140422,주일,7
20140422,소속,7
20140422,해명,7
20140422,목포,7
20140422,신고,7
20140422,판단,7
20140422,누구,7
20140422,사망자,7
20140422,신원,7
20140422,하루,7
20140422,제작,7
20140422,발표,7
20140422,분야,7
20140422,여론,7
20140422,홍씨는,7
20140422,장관,7
20140422,지적,7
20140422,변호사,7
20140422,여대생,7
20140422,결혼식,7
20140422,동반,7
20140422,손수건,7
20140422,연인,7
20140422,올렸,7
20140422,인과,7
20140422,기록,6
20140422,뉴스,6
20140422,능력,6
20140422,방향,6
20140422,조타기,6
20140422,항로,6
20140422,검사,6
20140422,단계,6
20140422,운항,6
20140422,직원,6
20140422,귀환,6
20140422,마련,6
20140422,여객선,6
20140422,위로,6
20140422,의미,6
20140422,참여,6
20140422,보였,6
20140422,비난,6
20140422,조작,6
20140422,기적,6
20140422,작곡가,6
20140422,트위터에,6
20140422,소리,6
20140422,구호,6
20140422,연기,6
20140422,박모,6
20140422,조사,6
20140422,않았다,6
20140422,다음,6
20140422,민주,6
20140422,실내체육관,6
20140422,각종,6
20140422,주의,6
20140422,경력,6
20140422,어선,6
20140422,징후,6
20140422,안산시,6
20140422,유족,6
20140422,자리,6
20140422,중앙,6
20140422,지역,6
20140422,학교,6
20140422,민관,6
20140422,발표회,6
20140422,살인죄,6
20140422,본부장,6
20140422,예산,6
20140422,잠수부,6
20140422,동생,6
20140422,전문가,6
20140422,동영상,6
20140422,송씨는,6
20140422,자제,6
20140422,동포,6
20140422,재외,6
20140422,균형,5
20140422,급선회,5
20140422,무리,5
20140422,변경,5
20140422,비상,5
20140422,중심,5
20140422,직후,5
20140422,항적,5
20140422,내부,5
20140422,불안,5
20140422,선사,5
20140422,신모,5
20140422,어머니,5
20140422,의무,5
20140422,임시,5
20140422,주변,5
20140422,국내,5
20140422,다저스,5
20140422,모금,5
20140422,무사,5
20140422,스타,5
20140422,현지,5
20140422,해상,5
20140422,금액,5
20140422,의리,5
20140422,침몰사고,5
20140422,가지,5
20140422,기사,5
20140422,김형석,5
20140422,막내아들,5
20140422,이해,5
20140422,죄송,5
20140422,분노,5
20140422,구조작업,5
20140422,취소,5
20140422,수사본부,5
20140422,혐의,5
20140422,확보,5
20140422,도움,5
20140422,정보,5
20140422,근무,5
20140422,사퇴,5
20140422,설명,5
20140422,경비,5
20140422,실질,5
20140422,접근,5
20140422,해상교통,5
20140422,레이더,5
20140422,리본,5
20140422,확산,5
20140422,가능,5
20140422,구급차,5
20140422,대형,5
20140422,버스,5
20140422,심정,5
20140422,친구,5
20140422,대책위원회,5
20140422,대표단,5
20140422,번째,5
20140422,적용,5
20140422,관리본부,5
20140422,업무,5
20140422,방침,5
20140422,감정,5
20140422,행동,5
20140422,통일,5
20140422,최초,5
20140422,해외,5
20140422,회장,5
20140422,직업,5
20140422,방한,5
20140422,전념,5
20140422,주차,5
20140422,태교,5
20140422,부검,5
20140422,말띠,5
20140422,복지,5
20140422,사각지대,5
20140422,후원,5
20140422,언론인,5
20140422,급격,4
20140422,별장,4
20140422,복원력,4
20140422,자동식,4
20140422,직전,4
20140422,개조,4
20140422,계약직,4
20140422,규정,4
20140422,민형사상,4
20140422,바다,4
20140422,불법,4
20140422,수십,4
20140422,이용,4
20140422,인원,4
20140422,증축,4
20140422,차례,4
20140422,청해진해운,4
20140422,해운사,4
20140422,회의,4
20140422,공동,4
20140422,날짜,4
20140422,바람,4
20140422,사회복지,4
20140422,선발,4
20140422,시청자,4
20140422,카카오톡,4
20140422,김보성,4
20140422,김보성이,4
20140422,사나이,4
20140422,서울,4
20140422,아버지,4
20140422,자식,4
20140422,평소,4
20140422,비판,4
20140422,존재,4
20140422,국무총리,4
20140422,비슷,4
20140422,새누리당,4
20140422,물품,4
20140422,팽목항에,4
20140422,기관장,4
20140422,김모,4
20140422,당초,4
20140422,신문,4
20140422,유기,4
20140422,정황,4
20140422,다수,4
20140422,역할,4
20140422,탑승,4
20140422,녹취,4
20140422,수백,4
20140422,이모,4
20140422,이야기,4
20140422,조기장,4
20140422,방문,4
20140422,센터,4
20140422,소개,4
20140422,안산,4
20140422,지방선거,4
20140422,구속,4
20140422,대답,4
20140422,시도,4
20140422,실시,4
20140422,이준석,4
20140422,혼란,4
20140422,대구,4
20140422,모두,4
20140422,정신,4
20140422,사망,4
20140422,연락,4
20140422,포착,4
20140422,온라인,4
20140422,커뮤니티,4
20140422,브리핑,4
20140422,시설,4
20140422,오열,4
20140422,인양,4
20140422,장례식장,4
20140422,학년,4
20140422,마지막,4
20140422,말했,4
20140422,수중,4
20140422,장비,4
20140422,매뉴얼,4
20140422,오씨는,4
20140422,대처,4
20140422,사무실,4
20140422,순경,4
20140422,자치,4
20140422,통화,4
20140422,개최,4
20140422,기분,4
20140422,너희들,4
20140422,부작위,4
20140422,간부,4
20140422,출신,4
20140422,행자,4
20140422,외부인,4
20140422,어른,4
20140422,자연,4
20140422,형제자매,4
20140422,신속,4
20140422,다양,4
20140422,라디오,4
20140422,압수수색,4
20140422,통과,4
20140422,핵심,4
20140422,명찰,4
20140422,시위,4
20140422,행세,4
20140422,관료,4
20140422,소중,4
20140422,정규,4
20140422,등록,4
20140422,북한,4
20140422,북한이,4
20140422,차량,4
20140422,쇼킹,4
20140422,당내,4
20140422,재외동포,4
20140422,문화교류,4
20140422,페이지,4
20140423,세월호,260
20140423,침몰,175
20140423,리본,103
20140423,노란,68
20140423,들이,61
20140423,캠페인,61
20140423,선장,51
20140423,구조,50
20140423,기적,45
20140423,회장,43
20140423,구원,43
20140423,참사,42
20140423,가족,41
20140423,하나,41
20140423,자신,40
20140423,사진,38
20140423,정부,38
20140423,사람,37
20140423,실종자,36
20140423,안전,35
20140423,하게,33
20140423,반응,32
20140423,선원,31
20140423,마음,29
20140423,유병언,29
20140423,학생,29
20140423,류현진은,28
20140423,사고,28
20140423,이날,28
20140423,소식,28
20140423,이상,28
20140423,관련,28
20140423,희생자,26
20140423,우리,26
20140423,누리,25
20140423,청해진해운,25
20140423,국민,25
20140423,사회,25
20140423,음주운전,25
20140423,기부,24
20140423,꾼들,24
20140423,세모,24
20140423,교사,24
20140423,경기,23
20140423,아이들,23
20140423,문제,23
20140423,해수,23
20140423,모습,22
20140423,게재,22
20140423,당시,22
20140423,때문,22
20140423,사건,22
20140423,대통령,22
20140423,상황,22
20140423,보였,21
20140423,핵실험,21
20140423,시간,20
20140423,가운데,20
20140423,단원,20
20140423,그림,20
20140423,그룹,20
20140423,선사,20
20140423,분노,20
20140423,무사,19
20140423,진도,19
20140423,배우,19
20140423,사실,19
20140423,선박,19
20140423,관계자,19
20140423,시신,19
20140423,오전,19
20140423,확인,19
20140423,의원,19
20140423,이번,18
20140423,트위터에,18
20140423,감정,18
20140423,차인표,17
20140423,정신,17
20140423,승객,17
20140423,일가,17
20140423,귀환,16
20140423,의미,16
20140423,화물,16
20140423,세월,16
20140423,필요,16
20140423,임시,15
20140423,조문,15
20140423,하기,15
20140423,동참,15
20140423,미국,15
20140423,가능성,15
20140423,면허,15
20140423,해운,15
20140423,현장,15
20140423,진짜,14
20140423,발언,14
20140423,검사,14
20140423,수사,14
20140423,생각,14
20140423,신도,14
20140423,오후,14
20140423,이후,14
20140423,호의,14
20140423,회사,14
20140423,서울,14
20140423,청소년,14
20140423,부부,13
20140423,안산,13
20140423,심은진,13
20140423,변경,13
20140423,상태,13
20140423,항해사,13
20140423,활동,13
20140423,주장,13
20140423,단체,13
20140423,교수,13
20140423,다저스,12
20140423,시작,12
20140423,공개,12
20140423,연합,12
20140423,참여,12
20140423,측은,12
20140423,검찰,12
20140423,아들,12
20140423,교육,12
20140423,페이스,12
20140423,과정,12
20140423,대응,12
20140423,허용,12
20140423,계열사,12
20140423,마을,12
20140423,도전,12
20140423,무한,12
20140423,문구,11
20140423,한국,11
20140423,위로,11
20140423,합동분향소,11
20140423,희생,11
20140423,내용,11
20140423,애도,11
20140423,의혹,11
20140423,정도,11
20140423,항로,11
20140423,대책,11
20140423,혐의,11
20140423,민간,11
20140423,지적,11
20140423,상대,11
20140423,여객선,11
20140423,조사,11
20140423,경찰,11
20140423,인근,11
20140423,입석,11
20140423,처리,11
20140423,유족,10
20140423,논란,10
20140423,저작권,10
20140423,객실,10
20140423,관계,10
20140423,실소,10
20140423,유주,10
20140423,승무원,10
20140423,의식,10
20140423,경우,10
20140423,해운사,10
20140423,발생,10
20140423,금지,10
20140423,적발,10
20140423,모세,10
20140423,땅볼,10
20140423,타자,10
20140423,마련,9
20140423,피해자,9
20140423,나무,9
20140423,프로필,9
20140423,여명,9
20140423,대한,9
20140423,메시지,9
20140423,원인,9
20140423,구명정,9
20140423,기본,9
20140423,발견,9
20140423,분석,9
20140423,지휘,9
20140423,탈출,9
20140423,시민,9
20140423,당국,9
20140423,운행,9
20140423,소유,9
20140423,건물,9
20140423,기록,9
20140423,이닝,9
20140423,대형,8
20140423,마지막,8
20140423,묵념,8
20140423,세계,8
20140423,방문,8
20140423,박근혜,8
20140423,사망자,8
20140423,심은진은,8
20140423,기도,8
20140423,상처,8
20140423,트라우마,8
20140423,해운업계,8
20140423,결정,8
20140423,만원,8
20140423,반복,8
20140423,발표,8
20140423,방침,8
20140423,사이,8
20140423,승선,8
20140423,조치,8
20140423,지역,8
20140423,합동,8
20140423,훈련,8
20140423,삼성카드,8
20140423,학교,8
20140423,뉴스,8
20140423,유씨,8
20140423,재산,8
20140423,북한이,8
20140423,실종,8
20140423,새정치,8
20140423,리쌍,8
20140423,안타,8
20140423,심장,8
20140423,보스,8
20140423,선발,7
20140423,체육관,7
20140423,눈길,7
20140423,운영,7
20140423,지만원,7
20140423,출연,7
20140423,간절,7
20140423,글귀,7
20140423,대학생,7
20140423,돌아오길,7
20140423,진심,7
20140423,스타,7
20140423,전문가,7
20140423,증축,7
20140423,강화,7
20140423,공무원,7
20140423,정책,7
20140423,주일,7
20140423,책임,7
20140423,행동,7
20140423,규정,7
20140423,비롯,7
20140423,어디,7
20140423,이준석,7
20140423,참석,7
20140423,소속사,7
20140423,예정,7
20140423,이름,7
20140423,보도,7
20140423,구속,7
20140423,매뉴얼,7
20140423,병원,7
20140423,선내,7
20140423,설치,7
20140423,수습,7
20140423,얘기,7
20140423,원칙,7
20140423,잠수부,7
20140423,출항,7
20140423,충돌,7
20140423,감독,7
20140423,구명,7
20140423,구조선,7
20140423,조끼,7
20140423,아버지,7
20140423,전화,7
20140423,논의,7
20140423,집중,7
20140423,추가,7
20140423,테러,7
20140423,선두,7
20140423,시즌,7
20140423,타석,7
20140423,실점,7
20140423,유격수,7
20140423,가슴,6
20140423,영상,6
20140423,재난,6
20140423,추모,6
20140423,바람,6
20140423,언론,6
20140423,화제,6
20140423,문자,6
20140423,바탕,6
20140423,개월,6
20140423,무리,6
20140423,불안,6
20140423,여객,6
20140423,인천제주,6
20140423,자택,6
20140423,정원,6
20140423,출국금지,6
20140423,새벽,6
20140423,결과,6
20140423,대상,6
20140423,모두,6
20140423,절망,6
20140423,지원,6
20140423,교인,6
20140423,부인,6
20140423,직원,6
20140423,박신혜,6
20140423,박신혜가,6
20140423,출신,6
20140423,공동,6
20140423,고정,6
20140423,동원,6
20140423,사과,6
20140423,수사본부,6
20140423,실패,6
20140423,위험,6
20140423,이씨는,6
20140423,인계,6
20140423,인터넷,6
20140423,전체,6
20140423,주의,6
20140423,진입,6
20140423,추정,6
20140423,전문,6
20140423,해양,6
20140423,사설,6
20140423,그동안,6
20140423,순방,6
20140423,합수부는,6
20140423,해당,6
20140423,엄마,6
20140423,어머니,6
20140423,의학,6
20140423,실제,6
20140423,船社,6
20140423,북한,6
20140423,면허취소,6
20140423,데이터,6
20140423,시스템,6
20140423,결승선,6
20140423,공식,5
20140423,구조작업,5
20140423,등판,5
20140423,생존자,5
20140423,시각,5
20140423,자리,5
20140423,진행,5
20140423,안산시,5
20140423,비난,5
20140423,검은색,5
20140423,확산,5
20140423,동아리,5
20140423,일어나길,5
20140423,트위터,5
20140423,염원,5
20140423,실시,5
20140423,압수수색,5
20140423,지난해,5
20140423,차례,5
20140423,스트레스,5
20140423,외상,5
20140423,인간,5
20140423,일상,5
20140423,전반,5
20140423,집단,5
20140423,소문,5
20140423,오대,5
20140423,인터뷰,5
20140423,포착,5
20140423,알려졌,5
20140423,행사,5
20140423,대표,5
20140423,사랑,5
20140423,차승원,5
20140423,자기,5
20140423,레이스,5
20140423,가지,5
20140423,명단,5
20140423,목숨,5
20140423,선체,5
20140423,요청,5
20140423,운항,5
20140423,제기,5
20140423,제주,5
20140423,희망,5
20140423,순간,5
20140423,이씨,5
20140423,일반,5
20140423,담당,5
20140423,사람들,5
20140423,서비스,5
20140423,업체,5
20140423,중단,5
20140423,검경,5
20140423,도착,5
20140423,변명,5
20140423,친구,5
20140423,학년,5
20140423,다음,5
20140423,회원,5
20140423,금융,5
20140423,대비,5
20140423,촬영,5
20140423,물의,5
20140423,여부,5
20140423,증상,5
20140423,걱정,5
20140423,조언,5
20140423,아해,5
20140423,압박,5
20140423,탈세,5
20140423,사업,5
20140423,우리민족,5
20140423,문화,5
20140423,작가,5
20140423,나이지리아,5
20140423,강남,5
20140423,농도,5
20140423,멤버,5
20140423,처분,5
20140423,출전,5
20140423,합정동,5
20140423,혈중,5
20140423,이하,5
20140423,올해,5
20140423,볼넷,5
20140423,투수,5
20140423,종교,5
20140423,마라톤,5
20140423,달성,5
20140423,갱도,5
20140423,루수,5
20140423,국가,4
20140423,명복,4
20140423,직후,4
20140423,빈소,4
20140423,과거,4
20140423,온라인,4
20140423,이유,4
20140423,노란색,4
20140423,있을게라는,4
20140423,해서,4
20140423,김재중,4
20140423,유래,4
20140423,김규리,4
20140423,공현,4
20140423,계속,4
20140423,무게,4
20140423,복원력,4
20140423,여곳,4
20140423,상징적,4
20140423,인질,4
20140423,대처,4
20140423,민국,4
20140423,분명,4
20140423,성장,4
20140423,실망,4
20140423,실험,4
20140423,심리,4
20140423,역할,4
20140423,우울,4
20140423,이것,4
20140423,장기,4
20140423,적극,4
20140423,치료,4
20140423,치유,4
20140423,표정,4
20140423,행복,4
20140423,혼란,4
20140423,기독교,4
20140423,네티즌,4
20140423,목사,4
20140423,상당,4
20140423,채용,4
20140423,파의,4
20140423,통화,4
20140423,기부금,4
20140423,류현진,4
20140423,모금,4
20140423,사용,4
20140423,야구,4
20140423,세력,4
20140423,왼쪽,4
20140423,차량,4
20140423,강행,4
20140423,나라,4
20140423,나머지,4
20140423,도움,4
20140423,동안,4
20140423,박씨가,4
20140423,부처,4
20140423,선실,4
20140423,시도,4
20140423,안개,4
20140423,외국,4
20140423,우려,4
20140423,입사,4
20140423,잘못,4
20140423,정상,4
20140423,조합,4
20140423,주변,4
20140423,중요,4
20140423,최악,4
20140423,통과,4
20140423,파악,4
20140423,하루,4
20140423,하자,4
20140423,해제,4
20140423,입장,4
20140423,정년,4
20140423,관리,4
20140423,분위기,4
20140423,산하,4
20140423,거리,4
20140423,김모,4
20140423,전달,4
20140423,김씨는,4
20140423,탑승,4
20140423,확보,4
20140423,미군,4
20140423,편지,4
20140423,고속도로,4
20140423,광역,4
20140423,단속,4
20140423,방법,4
20140423,버스,4
20140423,불법,4
20140423,시행,4
20140423,운송,4
20140423,해결,4
20140423,유가족,4
20140423,경제,4
20140423,공조,4
20140423,북핵,4
20140423,아시아,4
20140423,제재,4
20140423,중국,4
20140423,한미,4
20140423,인명,4
20140423,진술,4
20140423,소리,4
20140423,시설,4
20140423,출발,4
20140423,국적,4
20140423,여행,4
20140423,조선족,4
20140423,취소,4
20140423,생활,4
20140423,지속,4
20140423,매체,4
20140423,삼성,4
20140423,차단,4
20140423,국회,4
20140423,동영상,4
20140423,선동,4
20140423,감독원,4
20140423,국세청,4
20140423,포함,4
20140423,구실,4
20140423,영혼,4
20140423,낭독,4
20140423,센터,4
20140423,납치,4
20140423,전했,4
20140423,다판다,4
20140423,조선,4
20140423,길본명,4
20140423,길성준이,4
20140423,마포경찰서,4
20140423,알코올,4
20140423,인천∼제주,4
20140423,일보,4
20140423,계획,4
20140423,최정은,4
20140423,홈런,4
20140423,배치,4
20140423,금융회사,4
20140423,규제,4
20140423,작년,4
20140423,폭탄,4
20140423,득점,4
20140423,롤린스를,4
20140423,무실점,4
20140423,자책점,4
20140423,좌익수,4
20140423,찬스,4
20140424,세월호,282
20140424,기부,103
20140424,캠페인,85
20140424,참사,72
20140424,학생,63
20140424,후보,60
20140424,침몰,59
20140424,우리,45
20140424,들이,44
20140424,국민,43
20140424,대표,43
20140424,희생자,41
20140424,동참,41
20140424,대통령,40
20140424,자신,39
20140424,이번,32
20140424,반응,31
20140424,양현석,31
20140424,리본,30
20140424,모습,30
20140424,수사,30
20140424,사람,29
20140424,소식,29
20140424,선배,29
20140424,꾼들,28
20140424,누리,28
20140424,사진,28
20140424,정부,27
20140424,부산,27
20140424,관계자,26
20140424,관련,25
20140424,하게,25
20140424,가족,25
20140424,사고,25
20140424,애도,25
20140424,전달,25
20140424,여행,25
20140424,학교,25
20140424,김수,24
20140424,훈련,24
20140424,예정,23
20140424,보였,23
20140424,검찰,23
20140424,구조,22
20140424,단원,22
20140424,노란,22
20140424,추성훈,22
20140424,안전,21
20140424,성금,21
20140424,마음,21
20140424,경기,21
20140424,선거,20
20140424,때문,19
20140424,실종자,19
20140424,위로,19
20140424,이날,19
20140424,사회,19
20140424,새누리당,19
20140424,회장,19
20140424,경남고,19
20140424,유가족,18
20140424,지방선거,18
20140424,사실,17
20140424,기적,17
20140424,혐의,17
20140424,경선,17
20140424,시간,16
20140424,하기,16
20140424,배우,16
20140424,상황,16
20140424,문제,15
20140424,선박,15
20140424,여객선,15
20140424,조사,15
20140424,시스템,15
20140424,행사,15
20140424,수학,15
20140424,개각,15
20140424,유씨,15
20140424,과정,14
20140424,해양,14
20140424,미국,14
20140424,방문,14
20140424,안산,14
20140424,게재,14
20140424,진짜,14
20140424,피해자,14
20140424,수습,14
20140424,책임,14
20140424,활동,14
20140424,아들,14
20140424,관리,13
20140424,변경,13
20140424,시작,13
20140424,설경,13
20140424,송윤아,13
20140424,글귀,13
20140424,트위터에,13
20140424,소속사,13
20140424,고민,13
20140424,회사,13
20140424,확인,13
20140424,수색,13
20140424,마지막,13
20140424,누구,13
20140424,경제,13
20140424,일부,13
20140424,오디오,13
20140424,학년,13
20140424,진행,12
20140424,세상,12
20140424,지원,12
20140424,만큼,12
20140424,참여,12
20140424,하나,12
20140424,기부금,12
20140424,가슴,12
20140424,어머니,12
20140424,추모,12
20140424,장관,12
20140424,오전,12
20140424,아버지,12
20140424,서병,12
20140424,오거돈,12
20140424,검사,11
20140424,경우,11
20140424,당시,11
20140424,선원,11
20140424,승객,11
20140424,친구,11
20140424,회복,11
20140424,기도,11
20140424,사건,11
20140424,생명,11
20140424,연합,11
20140424,재난,11
20140424,얘기,11
20140424,진도,11
20140424,교사,11
20140424,이후,11
20140424,출신,11
20140424,일가,11
20140424,여론조사,11
20140424,가능성,10
20140424,국내,10
20140424,선장,10
20140424,공식,10
20140424,그림,10
20140424,오후,10
20140424,프로필,10
20140424,계기,10
20140424,바람,10
20140424,스님,10
20140424,현장,10
20140424,도전,10
20140424,요청,10
20140424,필요,10
20140424,시신,10
20140424,계열사,10
20140424,교육,10
20140424,부산시장,10
20140424,상태,9
20140424,백악관,9
20140424,한국을,9
20140424,부부,9
20140424,트위터,9
20140424,하늘,9
20140424,기원,9
20140424,무한,9
20140424,비판,9
20140424,새정치,9
20140424,자제,9
20140424,재산,9
20140424,수지,9
20140424,희망,9
20140424,가운데,9
20140424,전화,9
20140424,공개,9
20140424,아이들,9
20140424,일정,9
20140424,지역,9
20140424,올해,9
20140424,작업,9
20140424,믿음,9
20140424,주상욱은,9
20140424,수산,8
20140424,목련,8
20140424,묵념,8
20140424,생각,8
20140424,실종,8
20140424,사용,8
20140424,무사,8
20140424,사망,8
20140424,공동,8
20140424,정책,8
20140424,청와대,8
20140424,강호동,8
20140424,해서,8
20140424,모두,8
20140424,발견,8
20140424,선생님,8
20140424,통화,8
20140424,마련,8
20140424,조문,8
20140424,정도,8
20140424,핵심,8
20140424,스피커,8
20140424,공무원,8
20140424,순간,8
20140424,후배,8
20140424,대비,8
20140424,분기,8
20140424,민방위훈련,8
20140424,동문,8
20140424,경찰,7
20140424,대부분,7
20140424,대상,7
20140424,비슷,7
20140424,업체,7
20140424,의혹,7
20140424,청해진해운,7
20140424,공부,7
20140424,정상회담,7
20140424,희생,7
20140424,계획,7
20140424,표현,7
20140424,의미,7
20140424,대책,7
20140424,이상,7
20140424,최고위원,7
20140424,아이,7
20140424,결정,7
20140424,단체,7
20140424,연기,7
20140424,눈물,7
20140424,이유,7
20140424,이름,7
20140424,하루,7
20140424,전국,7
20140424,주목,7
20140424,인사,7
20140424,전문,7
20140424,사무실,7
20140424,시장,7
20140424,방식,7
20140424,분위기,7
20140424,해외,7
20140424,세모,7
20140424,유병언,7
20140424,엄마,7
20140424,강화,7
20140424,지지율,7
20140424,이야기,7
20140424,결과,6
20140424,구명,6
20140424,발생,6
20140424,선사,6
20140424,세월,6
20140424,실시,6
20140424,정원,6
20140424,중심,6
20140424,해운,6
20140424,호의,6
20140424,대한,6
20140424,메시지,6
20140424,목숨,6
20140424,사람들,6
20140424,선생님들,6
20140424,아내,6
20140424,전통,6
20140424,청와대는,6
20140424,상처,6
20140424,유니세프,6
20140424,화제,6
20140424,추성훈이,6
20140424,내각,6
20140424,자녀,6
20140424,눈길,6
20140424,주상욱,6
20140424,컴백,6
20140424,설명,6
20140424,임형주,6
20140424,기업,6
20140424,방송,6
20140424,얼굴,6
20140424,발표,6
20140424,각종,6
20140424,임시,6
20140424,자기,6
20140424,기간,6
20140424,새누리당은,6
20140424,전면,6
20140424,정치권,6
20140424,공약,6
20140424,서로,6
20140424,관심,6
20140424,제작,6
20140424,체험,6
20140424,하이파이,6
20140424,민간,6
20140424,경영,6
20140424,만원,6
20140424,부동산,6
20140424,유씨가,6
20140424,한국선급,6
20140424,현직,6
20140424,분노,6
20140424,최선,6
20140424,다음,6
20140424,전망,6
20140424,시즌,6
20140424,기관,5
20140424,안전장비,5
20140424,않았다,5
20140424,여객,5
20140424,전문가,5
20140424,활용,5
20140424,고등학교,5
20140424,내용,5
20140424,당일,5
20140424,민국,5
20140424,박근혜,5
20140424,수백,5
20140424,정신,5
20140424,피해,5
20140424,드라마,5
20140424,안타까움,5
20140424,프로그램,5
20140424,일어나길,5
20140424,귀환,5
20140424,되길,5
20140424,박지,5
20140424,간절,5
20140424,닿길,5
20140424,보장,5
20140424,생존,5
20140424,생활,5
20140424,시청,5
20140424,국가,5
20140424,국면,5
20140424,당부,5
20140424,민주,5
20140424,신뢰,5
20140424,위원장,5
20140424,청와대가,5
20140424,부모,5
20140424,비롯,5
20140424,류현진,5
20140424,스타,5
20140424,실천,5
20140424,측에,5
20140424,수영,5
20140424,헌정,5
20140424,도움,5
20140424,보도,5
20140424,소개,5
20140424,승무원,5
20140424,언론,5
20140424,온라인,5
20140424,입장,5
20140424,우려,5
20140424,합동분향소,5
20140424,개편,5
20140424,개혁,5
20140424,교체,5
20140424,대통령의,5
20140424,예상,5
20140424,지적,5
20140424,포함,5
20140424,당선,5
20140424,선거운동,5
20140424,소비자,5
20140424,전시,5
20140424,제품,5
20140424,유리,5
20140424,특수,5
20140424,대처,5
20140424,업무,5
20140424,한미,5
20140424,그룹,5
20140424,원인,5
20140424,지검장,5
20140424,최고,5
20140424,구원,5
20140424,규정,5
20140424,충격,5
20140424,덕분,5
20140424,오빠,5
20140424,조류,5
20140424,빈소,5
20140424,대형,5
20140424,항해,5
20140424,아파트,5
20140424,확보,5
20140424,능력,5
20140424,무엇,5
20140424,작년,5
20140424,투표율,5
20140424,기사,5
20140424,주주,5
20140424,대회,5
20140424,챔피언십,5
20140424,앙큼,5
20140424,권철현,5
20140424,무소속,5
20140424,공간,4
20140424,구간,4
20140424,내부,4
20140424,무리,4
20140424,바다,4
20140424,운항,4
20140424,이용,4
20140424,작동,4
20140424,증축,4
20140424,투입,4
20140424,화물,4
20140424,나무,4
20140424,년대,4
20140424,묘목,4
20140424,문구,4
20140424,비탄,4
20140424,사랑,4
20140424,제안,4
20140424,한국,4
20140424,한국위원회,4
20140424,이세,4
20140424,기초,4
20140424,복지정책,4
20140424,소액,4
20140424,수급,4
20140424,시름,4
20140424,써달라며,4
20140424,안산시,4
20140424,전국민,4
20140424,지급,4
20140424,추성훈은,4
20140424,부족,4
20140424,위협,4
20140424,협조,4
20140424,신신,4
20140424,대단,4
20140424,전체,4
20140424,부분,4
20140424,아침,4
20140424,장면,4
20140424,박신혜,4
20140424,시대,4
20140424,제시,4
20140424,사이트,4
20140424,되어를,4
20140424,로운,4
20140424,준비,4
20140424,창립,4
20140424,말했,4
20140424,정씨는,4
20140424,행위,4
20140424,구호,4
20140424,본인,4
20140424,식구,4
20140424,준호는,4
20140424,처음,4
20140424,협회,4
20140424,하연,4
20140424,제목,4
20140424,멤버,4
20140424,새벽,4
20140424,지금,4
20140424,가지,4
20140424,자격,4
20140424,검토,4
20140424,담당,4
20140424,마무리,4
20140424,방안,4
20140424,북한,4
20140424,이전,4
20140424,자리,4
20140424,차원,4
20140424,다저스,4
20140424,연락,4
20140424,모임,4
20140424,상대,4
20140424,예비,4
20140424,인천,4
20140424,참석,4
20140424,후보자,4
20140424,음악,4
20140424,청음,4
20140424,구조대,4
20140424,진입,4
20140424,특별,4
20140424,과거,4
20140424,압수,4
20140424,총장,4
20140424,직원,4
20140424,확정,4
20140424,질문,4
20140424,유인물,4
20140424,종교,4
20140424,기자,4
20140424,둘째,4
20140424,차웅이,4
20140424,기준,4
20140424,항해사,4
20140424,간부,4
20140424,수사가,4
20140424,해수,4
20140424,불안,4
20140424,비난,4
20140424,직장,4
20140424,국회의원,4
20140424,성장률,4
20140424,투자,4
20140424,통제,4
20140424,전반,4
20140424,검사장,4
20140424,레디,4
20140424,잠수,4
20140424,긴급,4
20140424,인터뷰,4
20140424,조선,4
20140424,손님,4
20140424,유치,4
20140424,취재,4
20140425,세월호,282
20140425,기부,103
20140425,캠페인,85
20140425,참사,72
20140425,학생,63
20140425,후보,60
20140425,침몰,59
20140425,우리,45
20140425,들이,44
20140425,국민,43
20140425,대표,43
20140425,희생자,41
20140425,동참,41
20140425,대통령,40
20140425,자신,39
20140425,이번,32
20140425,반응,31
20140425,양현석,31
20140425,리본,30
20140425,모습,30
20140425,수사,30
20140425,사람,29
20140425,소식,29
20140425,선배,29
20140425,꾼들,28
20140425,누리,28
20140425,사진,28
20140425,정부,27
20140425,부산,27
20140425,관계자,26
20140425,관련,25
20140425,하게,25
20140425,가족,25
20140425,사고,25
20140425,애도,25
20140425,전달,25
20140425,여행,25
20140425,학교,25
20140425,김수,24
20140425,훈련,24
20140425,예정,23
20140425,보였,23
20140425,검찰,23
20140425,구조,22
20140425,단원,22
20140425,노란,22
20140425,추성훈,22
20140425,안전,21
20140425,성금,21
20140425,마음,21
20140425,경기,21
20140425,선거,20
20140425,때문,19
20140425,실종자,19
20140425,위로,19
20140425,이날,19
20140425,사회,19
20140425,새누리당,19
20140425,회장,19
20140425,경남고,19
20140425,유가족,18
20140425,지방선거,18
20140425,사실,17
20140425,기적,17
20140425,혐의,17
20140425,경선,17
20140425,시간,16
20140425,하기,16
20140425,배우,16
20140425,상황,16
20140425,문제,15
20140425,선박,15
20140425,여객선,15
20140425,조사,15
20140425,시스템,15
20140425,행사,15
20140425,수학,15
20140425,개각,15
20140425,유씨,15
20140425,과정,14
20140425,해양,14
20140425,미국,14
20140425,방문,14
20140425,안산,14
20140425,게재,14
20140425,진짜,14
20140425,피해자,14
20140425,수습,14
20140425,책임,14
20140425,활동,14
20140425,아들,14
20140425,관리,13
20140425,변경,13
20140425,시작,13
20140425,설경,13
20140425,송윤아,13
20140425,글귀,13
20140425,트위터에,13
20140425,소속사,13
20140425,고민,13
20140425,회사,13
20140425,확인,13
20140425,수색,13
20140425,마지막,13
20140425,누구,13
20140425,경제,13
20140425,일부,13
20140425,오디오,13
20140425,학년,13
20140425,진행,12
20140425,세상,12
20140425,지원,12
20140425,만큼,12
20140425,참여,12
20140425,하나,12
20140425,기부금,12
20140425,가슴,12
20140425,어머니,12
20140425,추모,12
20140425,장관,12
20140425,오전,12
20140425,아버지,12
20140425,서병,12
20140425,오거돈,12
20140425,검사,11
20140425,경우,11
20140425,당시,11
20140425,선원,11
20140425,승객,11
20140425,친구,11
20140425,회복,11
20140425,기도,11
20140425,사건,11
20140425,생명,11
20140425,연합,11
20140425,재난,11
20140425,얘기,11
20140425,진도,11
20140425,교사,11
20140425,이후,11
20140425,출신,11
20140425,일가,11
20140425,여론조사,11
20140425,가능성,10
20140425,국내,10
20140425,선장,10
20140425,공식,10
20140425,그림,10
20140425,오후,10
20140425,프로필,10
20140425,계기,10
20140425,바람,10
20140425,스님,10
20140425,현장,10
20140425,도전,10
20140425,요청,10
20140425,필요,10
20140425,시신,10
20140425,계열사,10
20140425,교육,10
20140425,부산시장,10
20140425,상태,9
20140425,백악관,9
20140425,한국을,9
20140425,부부,9
20140425,트위터,9
20140425,하늘,9
20140425,기원,9
20140425,무한,9
20140425,비판,9
20140425,새정치,9
20140425,자제,9
20140425,재산,9
20140425,수지,9
20140425,희망,9
20140425,가운데,9
20140425,전화,9
20140425,공개,9
20140425,아이들,9
20140425,일정,9
20140425,지역,9
20140425,올해,9
20140425,작업,9
20140425,믿음,9
20140425,주상욱은,9
20140425,수산,8
20140425,목련,8
20140425,묵념,8
20140425,생각,8
20140425,실종,8
20140425,사용,8
20140425,무사,8
20140425,사망,8
20140425,공동,8
20140425,정책,8
20140425,청와대,8
20140425,강호동,8
20140425,해서,8
20140425,모두,8
20140425,발견,8
20140425,선생님,8
20140425,통화,8
20140425,마련,8
20140425,조문,8
20140425,정도,8
20140425,핵심,8
20140425,스피커,8
20140425,공무원,8
20140425,순간,8
20140425,후배,8
20140425,대비,8
20140425,분기,8
20140425,민방위훈련,8
20140425,동문,8
20140425,경찰,7
20140425,대부분,7
20140425,대상,7
20140425,비슷,7
20140425,업체,7
20140425,의혹,7
20140425,청해진해운,7
20140425,공부,7
20140425,정상회담,7
20140425,희생,7
20140425,계획,7
20140425,표현,7
20140425,의미,7
20140425,대책,7
20140425,이상,7
20140425,최고위원,7
20140425,아이,7
20140425,결정,7
20140425,단체,7
20140425,연기,7
20140425,눈물,7
20140425,이유,7
20140425,이름,7
20140425,하루,7
20140425,전국,7
20140425,주목,7
20140425,인사,7
20140425,전문,7
20140425,사무실,7
20140425,시장,7
20140425,방식,7
20140425,분위기,7
20140425,해외,7
20140425,세모,7
20140425,유병언,7
20140425,엄마,7
20140425,강화,7
20140425,지지율,7
20140425,이야기,7
20140425,결과,6
20140425,구명,6
20140425,발생,6
20140425,선사,6
20140425,세월,6
20140425,실시,6
20140425,정원,6
20140425,중심,6
20140425,해운,6
20140425,호의,6
20140425,대한,6
20140425,메시지,6
20140425,목숨,6
20140425,사람들,6
20140425,선생님들,6
20140425,아내,6
20140425,전통,6
20140425,청와대는,6
20140425,상처,6
20140425,유니세프,6
20140425,화제,6
20140425,추성훈이,6
20140425,내각,6
20140425,자녀,6
20140425,눈길,6
20140425,주상욱,6
20140425,컴백,6
20140425,설명,6
20140425,임형주,6
20140425,기업,6
20140425,방송,6
20140425,얼굴,6
20140425,발표,6
20140425,각종,6
20140425,임시,6
20140425,자기,6
20140425,기간,6
20140425,새누리당은,6
20140425,전면,6
20140425,정치권,6
20140425,공약,6
20140425,서로,6
20140425,관심,6
20140425,제작,6
20140425,체험,6
20140425,하이파이,6
20140425,민간,6
20140425,경영,6
20140425,만원,6
20140425,부동산,6
20140425,유씨가,6
20140425,한국선급,6
20140425,현직,6
20140425,분노,6
20140425,최선,6
20140425,다음,6
20140425,전망,6
20140425,시즌,6
20140425,기관,5
20140425,안전장비,5
20140425,않았다,5
20140425,여객,5
20140425,전문가,5
20140425,활용,5
20140425,고등학교,5
20140425,내용,5
20140425,당일,5
20140425,민국,5
20140425,박근혜,5
20140425,수백,5
20140425,정신,5
20140425,피해,5
20140425,드라마,5
20140425,안타까움,5
20140425,프로그램,5
20140425,일어나길,5
20140425,귀환,5
20140425,되길,5
20140425,박지,5
20140425,간절,5
20140425,닿길,5
20140425,보장,5
20140425,생존,5
20140425,생활,5
20140425,시청,5
20140425,국가,5
20140425,국면,5
20140425,당부,5
20140425,민주,5
20140425,신뢰,5
20140425,위원장,5
20140425,청와대가,5
20140425,부모,5
20140425,비롯,5
20140425,류현진,5
20140425,스타,5
20140425,실천,5
20140425,측에,5
20140425,수영,5
20140425,헌정,5
20140425,도움,5
20140425,보도,5
20140425,소개,5
20140425,승무원,5
20140425,언론,5
20140425,온라인,5
20140425,입장,5
20140425,우려,5
20140425,합동분향소,5
20140425,개편,5
20140425,개혁,5
20140425,교체,5
20140425,대통령의,5
20140425,예상,5
20140425,지적,5
20140425,포함,5
20140425,당선,5
20140425,선거운동,5
20140425,소비자,5
20140425,전시,5
20140425,제품,5
20140425,유리,5
20140425,특수,5
20140425,대처,5
20140425,업무,5
20140425,한미,5
20140425,그룹,5
20140425,원인,5
20140425,지검장,5
20140425,최고,5
20140425,구원,5
20140425,규정,5
20140425,충격,5
20140425,덕분,5
20140425,오빠,5
20140425,조류,5
20140425,빈소,5
20140425,대형,5
20140425,항해,5
20140425,아파트,5
20140425,확보,5
20140425,능력,5
20140425,무엇,5
20140425,작년,5
20140425,투표율,5
20140425,기사,5
20140425,주주,5
20140425,대회,5
20140425,챔피언십,5
20140425,앙큼,5
20140425,권철현,5
20140425,무소속,5
20140425,공간,4
20140425,구간,4
20140425,내부,4
20140425,무리,4
20140425,바다,4
20140425,운항,4
20140425,이용,4
20140425,작동,4
20140425,증축,4
20140425,투입,4
20140425,화물,4
20140425,나무,4
20140425,년대,4
20140425,묘목,4
20140425,문구,4
20140425,비탄,4
20140425,사랑,4
20140425,제안,4
20140425,한국,4
20140425,한국위원회,4
20140425,이세,4
20140425,기초,4
20140425,복지정책,4
20140425,소액,4
20140425,수급,4
20140425,시름,4
20140425,써달라며,4
20140425,안산시,4
20140425,전국민,4
20140425,지급,4
20140425,추성훈은,4
20140425,부족,4
20140425,위협,4
20140425,협조,4
20140425,신신,4
20140425,대단,4
20140425,전체,4
20140425,부분,4
20140425,아침,4
20140425,장면,4
20140425,박신혜,4
20140425,시대,4
20140425,제시,4
20140425,사이트,4
20140425,되어를,4
20140425,로운,4
20140425,준비,4
20140425,창립,4
20140425,말했,4
20140425,정씨는,4
20140425,행위,4
20140425,구호,4
20140425,본인,4
20140425,식구,4
20140425,준호는,4
20140425,처음,4
20140425,협회,4
20140425,하연,4
20140425,제목,4
20140425,멤버,4
20140425,새벽,4
20140425,지금,4
20140425,가지,4
20140425,자격,4
20140425,검토,4
20140425,담당,4
20140425,마무리,4
20140425,방안,4
20140425,북한,4
20140425,이전,4
20140425,자리,4
20140425,차원,4
20140425,다저스,4
20140425,연락,4
20140425,모임,4
20140425,상대,4
20140425,예비,4
20140425,인천,4
20140425,참석,4
20140425,후보자,4
20140425,음악,4
20140425,청음,4
20140425,구조대,4
20140425,진입,4
20140425,특별,4
20140425,과거,4
20140425,압수,4
20140425,총장,4
20140425,직원,4
20140425,확정,4
20140425,질문,4
20140425,유인물,4
20140425,종교,4
20140425,기자,4
20140425,둘째,4
20140425,차웅이,4
20140425,기준,4
20140425,항해사,4
20140425,간부,4
20140425,수사가,4
20140425,해수,4
20140425,불안,4
20140425,비난,4
20140425,직장,4
20140425,국회의원,4
20140425,성장률,4
20140425,투자,4
20140425,통제,4
20140425,전반,4
20140425,검사장,4
20140425,레디,4
20140425,잠수,4
20140425,긴급,4
20140425,인터뷰,4
20140425,조선,4
20140425,손님,4
20140425,유치,4
20140425,취재,4
20140426,세월호,114
20140426,대통령,78
20140426,조합,42
20140426,검찰,38
20140426,유씨,38
20140426,회장,35
20140426,가족,33
20140426,들이,31
20140426,침몰,30
20140426,단원,28
20140426,미국,28
20140426,안전,28
20140426,희생자,27
20140426,관계자,27
20140426,하기,27
20140426,이날,26
20140426,구조,26
20140426,기부,25
20140426,목련,25
20140426,학생,24
20140426,참사,23
20140426,자신,23
20140426,도전,22
20140426,실종자,22
20140426,객실,22
20140426,선박,22
20140426,사실,21
20140426,무한,20
20140426,사람,20
20140426,재산,20
20140426,수색,20
20140426,조사,20
20140426,사고,19
20140426,계열사,19
20140426,때문,18
20140426,경고,18
20140426,이상,18
20140426,우리,17
20140426,세모,17
20140426,탈출,17
20140426,해운,17
20140426,하나,16
20140426,투입,16
20140426,메시지,16
20140426,과정,15
20140426,일가,15
20140426,오전,15
20140426,운항,15
20140426,다이빙,15
20140426,방문,14
20140426,국민,14
20140426,백악관,14
20140426,의미,14
20140426,잭슨,14
20140426,희생,14
20140426,선원,14
20140426,수사,14
20140426,정부,14
20140426,하게,14
20140426,유족,14
20140426,과적,14
20140426,관련,14
20140426,세상,13
20140426,시간,13
20140426,애도,13
20140426,면세,13
20140426,의혹,13
20140426,화물,13
20140426,해양,13
20140426,영농,13
20140426,위험,13
20140426,이후,12
20140426,사진,12
20140426,아들,12
20140426,지원,12
20140426,책임,12
20140426,청해진해운,12
20140426,문제,12
20140426,작업,12
20140426,대표,12
20140426,승객,12
20140426,평형,12
20140426,상태,12
20140426,전달,11
20140426,아버지,11
20140426,선장,11
20140426,유병언,11
20140426,상황,11
20140426,정상,11
20140426,국토,11
20140426,만원,10
20140426,생각,10
20140426,엔진,10
20140426,이름,10
20140426,이번,10
20140426,정도,10
20140426,경우,10
20140426,쪽지,10
20140426,당시,10
20140426,여부,10
20140426,플루트,10
20140426,복도,10
20140426,작품,10
20140426,한미,10
20140426,사회,10
20140426,공천,10
20140426,묵념,9
20140426,예정,9
20140426,묘목,9
20140426,정상회담,9
20140426,운영,9
20140426,이용,9
20140426,여객선,9
20140426,노래,9
20140426,의원,9
20140426,정군,9
20140426,멤버,8
20140426,소식,8
20140426,안산,8
20140426,발견,8
20140426,보도,8
20140426,사랑,8
20140426,확인,8
20140426,변호사,8
20140426,원인,8
20140426,해외,8
20140426,회사,8
20140426,지역,8
20140426,오후,8
20140426,미안,8
20140426,담당,8
20140426,인사,8
20140426,가능성,8
20140426,실패,8
20140426,가격,8
20140426,연구소,8
20140426,여객기,8
20140426,조종사,8
20140426,소환,8
20140426,핵실험,8
20140426,시스템,8
20140426,▲일,8
20140426,연합,8
20140426,피해자,7
20140426,가운데,7
20140426,비슷,7
20140426,서울,7
20140426,해서,7
20140426,관리,7
20140426,그룹,7
20140426,골프,7
20140426,입장,7
20140426,교수,7
20140426,어른,7
20140426,결정,7
20140426,장례식장,7
20140426,검사,7
20140426,규정,7
20140426,사이,7
20140426,세월,7
20140426,수산,7
20140426,작년,7
20140426,조건,7
20140426,다음,7
20140426,지시,7
20140426,파악,7
20140426,천안함,7
20140426,결과,7
20140426,압수수색,7
20140426,다운,7
20140426,종교,7
20140426,전쟁,7
20140426,비행,7
20140426,도발,7
20140426,후보,7
20140426,연합사,7
20140426,감사,6
20140426,새벽,6
20140426,해당,6
20140426,공동,6
20140426,기자회견,6
20140426,박근혜,6
20140426,버락,6
20140426,부활,6
20140426,여명,6
20140426,전날,6
20140426,죽음,6
20140426,사설,6
20140426,세금,6
20140426,수백억,6
20140426,유씨가,6
20140426,측근,6
20140426,경찰,6
20140426,발생,6
20140426,본부,6
20140426,점검,6
20140426,해역,6
20140426,라운딩,6
20140426,경기,6
20140426,호의,6
20140426,조선,6
20140426,소통,6
20140426,청와대,6
20140426,오하마나호,6
20140426,왼쪽,6
20140426,추정,6
20140426,예상,6
20140426,제기,6
20140426,보유,6
20140426,사업,6
20140426,확보,6
20140426,비롯,6
20140426,전시회,6
20140426,조치,6
20140426,북한,6
20140426,북한이,6
20140426,수색작업,6
20140426,양국,6
20140426,방위,6
20140426,우려,5
20140426,조문,5
20140426,테러,5
20140426,전화,5
20140426,구명,5
20140426,노력,5
20140426,모두,5
20140426,목숨,5
20140426,미국은,5
20140426,시작,5
20140426,아내,5
20140426,위로,5
20140426,친구,5
20140426,동안,5
20140426,불법,5
20140426,실질,5
20140426,아시아나,5
20140426,자기,5
20140426,전국,5
20140426,핵심,5
20140426,강화,5
20140426,설치,5
20140426,장례,5
20140426,지도,5
20140426,진도,5
20140426,논란,5
20140426,자연,5
20140426,판단,5
20140426,선사,5
20140426,심사,5
20140426,주장,5
20140426,혐의,5
20140426,연주,5
20140426,말했,5
20140426,선실,5
20140426,일부,5
20140426,통보,5
20140426,한국선급,5
20140426,해수,5
20140426,도착,5
20140426,수사본부,5
20140426,합동,5
20140426,사건,5
20140426,측은,5
20140426,협의회,5
20140426,규모,5
20140426,대형,5
20140426,비상,5
20140426,소유,5
20140426,집중,5
20140426,과거,5
20140426,구원,5
20140426,기독교,5
20140426,아해,5
20140426,유통,5
20140426,비자금,5
20140426,세계,5
20140426,조성,5
20140426,교황,5
20140426,방침,5
20140426,최측근,5
20140426,국가,5
20140426,전환,5
20140426,태세,5
20140426,선택,5
20140426,이유,5
20140426,숫자,5
20140426,당비,5
20140426,전략,5
20140426,동행,4
20140426,반응,4
20140426,기증,4
20140426,남성,4
20140426,대신,4
20140426,마음,4
20140426,성조,4
20140426,앤드루,4
20140426,전통,4
20140426,제안,4
20140426,피해,4
20140426,경비,4
20140426,대부분,4
20140426,무리,4
20140426,비리,4
20140426,비용,4
20140426,수십,4
20140426,수준,4
20140426,유씨는,4
20140426,주주,4
20140426,최대,4
20140426,검토,4
20140426,요청,4
20140426,유출,4
20140426,인근,4
20140426,미키는,4
20140426,차례,4
20140426,측에,4
20140426,만큼,4
20140426,비판,4
20140426,약속,4
20140426,지적,4
20140426,공간,4
20140426,기자,4
20140426,김양,4
20140426,개조,4
20140426,관계기관,4
20140426,속도,4
20140426,적재,4
20140426,적재량,4
20140426,전문가,4
20140426,통과,4
20140426,필요,4
20140426,기관실,4
20140426,불과,4
20140426,강조,4
20140426,민정수석,4
20140426,방안,4
20140426,수습,4
20140426,국내,4
20140426,내부,4
20140426,오른쪽,4
20140426,이곳,4
20140426,진입,4
20140426,가수,4
20140426,구조작업,4
20140426,바지선,4
20140426,거래,4
20140426,농장,4
20140426,농지,4
20140426,실제,4
20140426,차명,4
20140426,관계,4
20140426,기록,4
20140426,업무,4
20140426,업체,4
20140426,잘못,4
20140426,강매,4
20140426,자금,4
20140426,판매,4
20140426,경제,4
20140426,방한,4
20140426,전사자,4
20140426,한국,4
20140426,위협,4
20140426,항공,4
20140426,귀국,4
20140426,조직,4
20140426,전작,4
20140426,자유,4
20140426,재앙,4
20140426,경선,4
20140426,새정치,4
20140427,총리,30
20140427,세월호,23
20140427,책임,14
20140427,관련,12
20140427,표명,12
20140427,가족,12
20140427,국민,11
20140427,기자회견,11
20140427,대표,11
20140427,수습,11
20140427,오전,11
20140427,이번,10
20140427,이날,9
20140427,실종자,9
20140427,오후,9
20140427,대변인,9
20140427,영농,9
20140427,희생자,8
20140427,국화,8
20140427,국무총리,7
20140427,사고,7
20140427,사의,7
20140427,서울,7
20140427,정부,7
20140427,확인,7
20140427,회장,7
20140427,긴급,6
20140427,사과,6
20140427,사퇴,6
20140427,예정,6
20140427,생각,6
20140427,조선,6
20140427,해당,6
20140427,새누리당,6
20140427,법인,6
20140427,국회,5
20140427,대통령의,5
20140427,위험,5
20140427,의혹,5
20140427,정홍원,5
20140427,지적,5
20140427,참사,5
20140427,들이,5
20140427,진도,5
20140427,혐의,5
20140427,대책,5
20140427,합동분향소,5
20140427,침몰,5
20140427,해역,5
20140427,여러분,5
20140427,구조대원,5
20140427,외상,5
20140427,사실상,5
20140427,구원,5
20140427,그룹,5
20140427,세모,5
20140427,유병언,5
20140427,내각,4
20140427,박근혜,4
20140427,조사,4
20140427,경찰,4
20140427,공무원,4
20140427,구호,4
20140427,마련,4
20140427,물품,4
20140427,본부,4
20140427,이상,4
20140427,정도,4
20140427,조문객,4
20140427,작업,4
20140427,마음,4
20140427,발생,4
20140427,우리,4
20140427,입장,4
20140427,녹취,4
20140427,뉴스,4
20140427,모습,4
20140427,스트레스,4
20140427,정신,4
20140427,부처,4
20140427,청해진해운,4
20140427,만m2,4
20140428,세월호,223
20140428,총리,58
20140428,침몰,51
20140428,참사,48
20140428,대통령,44
20140428,회장,42
20140428,관련,42
20140428,자신,38
20140428,구조,37
20140428,캠페인,37
20140428,들이,36
20140428,기부,36
20140428,검찰,34
20140428,안전,32
20140428,정부,31
20140428,책임,31
20140428,이날,30
20140428,사람,30
20140428,국민,30
20140428,동영상,28
20140428,가족,27
20140428,그것,27
20140428,학생,26
20140428,관계자,26
20140428,사진,26
20140428,때문,26
20140428,관심,26
20140428,반응,25
20140428,모습,24
20140428,희생자,24
20140428,리본,24
20140428,오전,24
20140428,누리,23
20140428,대표,23
20140428,수사,23
20140428,꾼들,22
20140428,당시,22
20140428,이번,21
20140428,공연,21
20140428,옹벽,21
20140428,방송,20
20140428,사실,20
20140428,사고,20
20140428,보도,20
20140428,승객,20
20140428,정보,20
20140428,보였,19
20140428,여객선,19
20140428,수습,19
20140428,필요,19
20140428,자금,19
20140428,아들,18
20140428,우리,18
20140428,동참,18
20140428,코니탤벗,18
20140428,상황,18
20140428,조사,18
20140428,구원,18
20140428,조합,18
20140428,이후,17
20140428,선원,17
20140428,청와대,17
20140428,공개,16
20140428,선장,16
20140428,탈출,16
20140428,개편,16
20140428,진도,16
20140428,기독교,16
20140428,세모,16
20140428,언론,16
20140428,학교,16
20140428,마음,15
20140428,하게,15
20140428,시작,15
20140428,하기,15
20140428,일부,15
20140428,장관,15
20140428,주장,15
20140428,아해,15
20140428,애도,14
20140428,진행,14
20140428,복음,14
20140428,침례,14
20140428,시간,13
20140428,소식,13
20140428,내용,13
20140428,의사,13
20140428,이상,13
20140428,의혹,13
20140428,계열사,13
20140428,유씨,13
20140428,욕구,13
20140428,종자,13
20140428,가운데,12
20140428,마련,12
20140428,경기,12
20140428,친구,12
20140428,선박,12
20140428,가능성,12
20140428,국회,12
20140428,청해진해운,12
20140428,당국,12
20140428,프레스,12
20140428,해외,12
20140428,마지막,11
20140428,선내,11
20140428,아이들,11
20140428,언급,11
20140428,영상,11
20140428,가슴,11
20140428,실종자,11
20140428,측은,11
20140428,생각,11
20140428,서울,11
20140428,수익금,11
20140428,코니탤벗은,11
20140428,구명,11
20140428,박근혜,11
20140428,개각,11
20140428,기자회견,11
20140428,대책,11
20140428,해양,11
20140428,확인,11
20140428,신도,11
20140428,유병언,11
20140428,일가,11
20140428,혐의,11
20140428,수원,11
20140428,공사,11
20140428,단원,10
20140428,인터뷰,10
20140428,가수,10
20140428,정도,10
20140428,그동안,10
20140428,과정,10
20140428,사퇴,10
20140428,대응,10
20140428,야당,10
20140428,사건,10
20140428,그룹,10
20140428,민간,10
20140428,조치,10
20140428,기록,10
20140428,게재,9
20140428,진짜,9
20140428,트위터에,9
20140428,희망,9
20140428,노란,9
20140428,노란색,9
20140428,현장,9
20140428,골프,9
20140428,논란,9
20140428,국정,9
20140428,내각,9
20140428,부처,9
20140428,의원,9
20140428,전략,9
20140428,출신,9
20140428,비판,9
20140428,표명,9
20140428,특별,9
20140428,합수부는,9
20140428,경찰,9
20140428,추모,9
20140428,메시지,9
20140428,교체,9
20140428,법안,9
20140428,법인,9
20140428,불법,9
20140428,설립,9
20140428,송금,9
20140428,인터넷,9
20140428,해병대,9
20140428,공천,9
20140428,건물,9
20140428,아버지,8
20140428,화제,8
20140428,미안,8
20140428,기부금,8
20140428,예정,8
20140428,입장,8
20140428,미국,8
20140428,연합,8
20140428,판단,8
20140428,한국,8
20140428,해당,8
20140428,원인,8
20140428,희생,8
20140428,이경규,8
20140428,상태,8
20140428,직원,8
20140428,최초,8
20140428,문제,8
20140428,인사,8
20140428,민주,8
20140428,분석,8
20140428,운영,8
20140428,후보,8
20140428,계획,8
20140428,교신,8
20140428,대처,8
20140428,압수수색,8
20140428,대변인,8
20140428,부동산,8
20140428,투자,8
20140428,회사,8
20140428,지정,8
20140428,교수,8
20140428,어른,7
20140428,제보,7
20140428,합동분향소,7
20140428,이수,7
20140428,선수,7
20140428,드레스,7
20140428,진심,7
20140428,트위터를,7
20140428,얘기,7
20140428,생존자,7
20140428,사회,7
20140428,지적,7
20140428,조끼,7
20140428,준비,7
20140428,국무총리,7
20140428,발생,7
20140428,소통,7
20140428,여권,7
20140428,정홍원,7
20140428,핵심,7
20140428,북한,7
20140428,인권,7
20140428,재난,7
20140428,전면,7
20140428,추진,7
20140428,대상,7
20140428,관제,7
20140428,발견,7
20140428,승무원,7
20140428,결정,7
20140428,수사본부,7
20140428,오후,7
20140428,합동,7
20140428,결과,7
20140428,도착,7
20140428,공무원,7
20140428,방침,7
20140428,수산,7
20140428,수색,7
20140428,명령,7
20140428,무능,7
20140428,거래,7
20140428,만달러약,7
20140428,매입,7
20140428,유씨가,7
20140428,영농,7
20140428,본인,7
20140428,네티즌,7
20140428,새정치,7
20140428,차웅이,7
20140428,매치,7
20140428,서울은,7
20140428,수퍼,7
20140428,입대,7
20140428,보강,7
20140428,재개발,7
20140428,뉴스,6
20140428,대화,6
20140428,박종대,6
20140428,아래,6
20140428,위치,6
20140428,심경,6
20140428,따뜻,6
20140428,감사,6
20140428,눈물,6
20140428,유가족,6
20140428,취소,6
20140428,행동,6
20140428,페이스,6
20140428,아이,6
20140428,피해자,6
20140428,촬영,6
20140428,고위,6
20140428,수용,6
20140428,지도,6
20140428,경제,6
20140428,사의,6
20140428,시스템,6
20140428,음악,6
20140428,비리,6
20140428,상황실,6
20140428,여부,6
20140428,한국선급,6
20140428,검경,6
20140428,생명,6
20140428,집회,6
20140428,허위,6
20140428,이용,6
20140428,파악,6
20140428,배치,6
20140428,조작,6
20140428,주목,6
20140428,카드,6
20140428,정장,6
20140428,프랑,6
20140428,사설,6
20140428,점검,6
20140428,신고,6
20140428,루머,6
20140428,유포,6
20140428,충족,6
20140428,윤시윤,6
20140428,경선,6
20140428,철거,6
20140428,학부모,6
20140428,동안,5
20140428,방송인,5
20140428,소름,5
20140428,이동,5
20140428,휴대폰,5
20140428,내역,5
20140428,전국,5
20140428,소속사,5
20140428,부모,5
20140428,사용,5
20140428,일정,5
20140428,전달,5
20140428,멤버,5
20140428,야구,5
20140428,유키스,5
20140428,의미,5
20140428,코니탤벗이,5
20140428,공동,5
20140428,활동,5
20140428,구성,5
20140428,목포해경,5
20140428,소속,5
20140428,논의,5
20140428,여당,5
20140428,항의,5
20140428,역할,5
20140428,국면,5
20140428,발표,5
20140428,자리,5
20140428,자세,5
20140428,직후,5
20140428,불편,5
20140428,관리,5
20140428,수사관,5
20140428,압수,5
20140428,업무,5
20140428,임직원,5
20140428,전원,5
20140428,진입,5
20140428,확보,5
20140428,남성,5
20140428,아베,5
20140428,부인,5
20140428,어선,5
20140428,전체,5
20140428,잠수,5
20140428,경우,5
20140428,주변,5
20140428,설명,5
20140428,달러,5
20140428,목적,5
20140428,조성,5
20140428,비롯,5
20140428,소유,5
20140428,세금,5
20140428,대형,5
20140428,홈페이지,5
20140428,조선,5
20140428,진술,5
20140428,공격,5
20140428,자기,5
20140428,집단,5
20140428,기초,5
20140428,처리,5
20140428,노승,5
20140428,반발,5
20140428,제목,4
20140428,만원,4
20140428,투명,4
20140428,방문,4
20140428,거액,4
20140428,애프터,4
20140428,국내,4
20140428,죄송,4
20140428,하나,4
20140428,카카오톡,4
20140428,마이크,4
20140428,블루,4
20140428,스퀘어,4
20140428,악기,4
20140428,용산구,4
20140428,한남동,4
20140428,조금,4
20140428,아빠,4
20140428,사랑,4
20140428,전화,4
20140428,지급,4
20140428,충격,4
20140428,정치인,4
20140428,경비,4
20140428,경험,4
20140428,새누리당,4
20140428,유족,4
20140428,위로,4
20140428,인정,4
20140428,통과,4
20140428,라인,4
20140428,이유,4
20140428,지방선거,4
20140428,하자,4
20140428,나라,4
20140428,계좌,4
20140428,내부,4
20140428,발부,4
20140428,자료,4
20140428,제주,4
20140428,참여,4
20140428,추적,4
20140428,화물,4
20140428,녹취,4
20140428,진실,4
20140428,특집,4
20140428,담당,4
20140428,목사,4
20140428,무관,4
20140428,불과,4
20140428,선사,4
20140428,신자,4
20140428,여명,4
20140428,오대,4
20140428,촉구,4
20140428,폭로,4
20140428,추정,4
20140428,탑승객,4
20140428,격려,4
20140428,브리핑,4
20140428,이주,4
20140428,장례,4
20140428,대통령의,4
20140428,선택,4
20140428,최대,4
20140428,바다,4
20140428,사람들,4
20140428,실질,4
20140428,요구,4
20140428,다음,4
20140428,디자인,4
20140428,명목,4
20140428,모래알,4
20140428,비자금,4
20140428,장남,4
20140428,재산,4
20140428,적용,4
20140428,포착,4
20140428,행위,4
20140428,측이,4
20140428,대피,4
20140428,사태,4
20140428,작동,4
20140428,지시,4
20140428,차량,4
20140428,평소,4
20140428,무책임,4
20140428,불안,4
20140428,역대,4
20140428,반복,4
20140428,사과,4
20140428,삭제,4
20140428,온라인,4
20140428,지난해,4
20140428,최근,4
20140428,커뮤니티,4
20140428,특정,4
20140428,허위사실,4
20140428,현상,4
20140428,민생,4
20140428,사이,4
20140428,정부여당,4
20140428,차웅이는,4
20140428,라운드,4
20140428,승리,4
20140428,클래식,4
20140428,만리,4
20140428,위험,4
20140428,진단,4
20140429,세월호,169
20140429,대통령,71
20140429,구조,58
20140429,가족,46
20140429,침몰,41
20140429,현장,41
20140429,회장,37
20140429,실종자,36
20140429,검찰,31
20140429,정부,30
20140429,오전,29
20140429,사고,28
20140429,승객,28
20140429,들이,27
20140429,수사,26
20140429,통화,26
20140429,사과,26
20140429,세모,26
20140429,해역,26
20140429,당시,25
20140429,수색,25
20140429,작업,25
20140429,재난,24
20140429,해양,24
20140429,선원,23
20140429,이날,23
20140429,참사,22
20140429,희생자,22
20140429,선장,22
20140429,합동분향소,22
20140429,모습,22
20140429,선박,21
20140429,진도,21
20140429,국민,21
20140429,대표,20
20140429,이번,19
20140429,관계자,19
20140429,안전,19
20140429,전문가,19
20140429,확인,18
20140429,마련,18
20140429,이상,18
20140429,사람,18
20140429,대응,18
20140429,수습,18
20140429,자신,17
20140429,청해진해운,17
20140429,때문,17
20140429,병풍,17
20140429,기부,16
20140429,이후,16
20140429,하기,16
20140429,본사,16
20140429,상태,16
20140429,상황,16
20140429,일부,16
20140429,등대,16
20140429,이수,15
20140429,위로,15
20140429,시작,15
20140429,중요,15
20140429,관련,15
20140429,국무회의,15
20140429,박근혜,15
20140429,과정,15
20140429,시간,15
20140429,지휘,15
20140429,우리,14
20140429,하게,14
20140429,탈출,14
20140429,학생,14
20140429,합수부는,14
20140429,리본,14
20140429,갑판,14
20140429,계열사,14
20140429,경찰,14
20140429,투입,14
20140429,총리,14
20140429,내용,13
20140429,대국민,13
20140429,인양,13
20140429,크레인,13
20140429,해상,13
20140429,다이빙,13
20140429,장비,13
20140429,애도,12
20140429,유가족,12
20140429,경우,12
20140429,마지막,12
20140429,노란,12
20140429,공무원,12
20140429,대책,12
20140429,마음,12
20140429,캠페인,12
20140429,인수,12
20140429,사용,11
20140429,단원,11
20140429,사무실,11
20140429,조치,11
20140429,안산,11
20140429,운영,11
20140429,동영상,11
20140429,기관,11
20140429,새무리,11
20140429,정신,11
20140429,반응,10
20140429,희망,10
20140429,결정,10
20140429,당일,10
20140429,이준석,10
20140429,책임,10
20140429,혐의,10
20140429,조문,10
20140429,일가,10
20140429,친구,10
20140429,위험,10
20140429,조류,10
20140429,압수,10
20140429,전환,10
20140429,관리,10
20140429,청와대,10
20140429,대통령의,10
20140429,설치,10
20140429,가슴,9
20140429,방법,9
20140429,사실,9
20140429,구호,9
20140429,전화,9
20140429,지시,9
20140429,직원,9
20140429,방송,9
20140429,설명,9
20140429,추모,9
20140429,문제,9
20140429,바다,9
20140429,여명,9
20140429,주재,9
20140429,선사,9
20140429,조사,9
20140429,조선,9
20140429,연합,9
20140429,어선,9
20140429,특수,9
20140429,시스템,9
20140429,주장,9
20140429,센터,9
20140429,해운,9
20140429,회사,9
20140429,장관,9
20140429,서거,9
20140429,양현석,8
20140429,분석,8
20140429,승무원,8
20140429,여부,8
20140429,발생,8
20140429,발표,8
20140429,유원지,8
20140429,화랑,8
20140429,아래,8
20140429,지원,8
20140429,대한,8
20140429,만원,8
20140429,국회,8
20140429,새정치,8
20140429,죽도,8
20140429,이지,8
20140429,인천,7
20140429,직후,7
20140429,측이,7
20140429,항해사,7
20140429,김창완,7
20140429,경기,7
20140429,자리,7
20140429,세월,7
20140429,유병언,7
20140429,해당,7
20140429,기상,7
20140429,필요,7
20140429,하나,7
20140429,닥터,7
20140429,박해,7
20140429,오후,7
20140429,이방인,7
20140429,참여,7
20140429,난간,7
20140429,생존자,7
20140429,대변인,7
20140429,대비,7
20140429,전문,7
20140429,정도,7
20140429,사설,7
20140429,학년,7
20140429,국무총리,7
20140429,중심,7
20140429,온유,7
20140429,유인,7
20140429,가구,7
20140429,기부금,6
20140429,꾼들,6
20140429,누리,6
20140429,소식,6
20140429,명령,6
20140429,방침,6
20140429,제주,6
20140429,차례,6
20140429,퇴선,6
20140429,포함,6
20140429,역할,6
20140429,입사,6
20140429,복귀,6
20140429,상표권,6
20140429,소환,6
20140429,이름,6
20140429,지급,6
20140429,특별,6
20140429,횡령,6
20140429,말했,6
20140429,본부,6
20140429,선내,6
20140429,선체,6
20140429,요청,6
20140429,이용,6
20140429,최고,6
20140429,구조작업,6
20140429,주변,6
20140429,민간,6
20140429,생명,6
20140429,잠수,6
20140429,훈련,6
20140429,내각,6
20140429,이야기,6
20140429,노승,6
20140429,다음,6
20140429,생각,6
20140429,북쪽,6
20140429,통제,6
20140429,희생,6
20140429,수상,6
20140429,자금,6
20140429,한국선급,6
20140429,정치,6
20140429,이곳,6
20140429,출자,6
20140429,컨소시엄,6
20140429,선실,6
20140429,표명,6
20140429,차도,6
20140429,해군기지,6
20140429,힐링캠프,6
20140429,기초,6
20140429,분향,6
20140429,유족,6
20140429,북한,6
20140429,정신건강,6
20140429,미역,6
20140429,트라우마,6
20140429,예정,5
20140429,화제,5
20140429,만큼,5
20140429,비롯,5
20140429,기록,5
20140429,사이,5
20140429,수사본부,5
20140429,수십,5
20140429,이전,5
20140429,직전,5
20140429,휴대,5
20140429,관심,5
20140429,본인,5
20140429,방문,5
20140429,침몰사고,5
20140429,비리,5
20140429,지난해,5
20140429,집중,5
20140429,판단,5
20140429,진입,5
20140429,철수,5
20140429,게시판,5
20140429,의사,5
20140429,하주,5
20140429,남성,5
20140429,목소리,5
20140429,불과,5
20140429,신고,5
20140429,촬영,5
20140429,출동,5
20140429,헬기,5
20140429,노트,5
20140429,지점,5
20140429,해군,5
20140429,거리,5
20140429,녹취,5
20140429,도착,5
20140429,저희,5
20140429,결과,5
20140429,남해,5
20140429,부산,5
20140429,지적,5
20140429,메시지,5
20140429,이유,5
20140429,처리,5
20140429,민국,5
20140429,사건,5
20140429,자식,5
20140429,잠수부,5
20140429,각종,5
20140429,유명,5
20140429,작성,5
20140429,테러,5
20140429,대상,5
20140429,조합,5
20140429,감사,5
20140429,주주,5
20140429,채권단,5
20140429,사람들,5
20140429,준비,5
20140429,치유,5
20140429,국가,5
20140429,사회,5
20140429,관제소,5
20140429,내륙,5
20140429,맹골도,5
20140429,가능성,5
20140429,비판,5
20140429,절충안,5
20140429,조의,5
20140429,사격,5
20140429,고통,5
20140429,의학,5
20140429,물목,5
20140429,표창,5
20140429,바지선,5
20140429,도움,4
20140429,부모,4
20140429,아들,4
20140429,전달,4
20140429,측은,4
20140429,보였,4
20140429,사법처리,4
20140429,송치,4
20140429,연락,4
20140429,일곱,4
20140429,입수,4
20140429,합동,4
20140429,공개,4
20140429,내부,4
20140429,신분,4
20140429,업무,4
20140429,출항,4
20140429,탑승,4
20140429,하루,4
20140429,안산시,4
20140429,그룹,4
20140429,대가,4
20140429,사용료,4
20140429,인천지검,4
20140429,논의,4
20140429,반대,4
20140429,방안,4
20140429,업체,4
20140429,추가,4
20140429,머리,4
20140429,식구,4
20140429,여객선,4
20140429,왕가,4
20140429,배우,4
20140429,이종석,4
20140429,진이,4
20140429,한국,4
20140429,대부분,4
20140429,동안,4
20140429,위치,4
20140429,지도,4
20140429,국방부,4
20140429,우수,4
20140429,자체,4
20140429,미흡,4
20140429,상황실,4
20140429,소속,4
20140429,확보,4
20140429,구조대,4
20140429,긴급,4
20140429,인력,4
20140429,지방,4
20140429,대형,4
20140429,부처,4
20140429,소방,4
20140429,시신,4
20140429,인명,4
20140429,전시,4
20140429,중앙,4
20140429,책임자,4
20140429,공화국,4
20140429,유착,4
20140429,인터넷,4
20140429,잠수함,4
20140429,조직,4
20140429,회복,4
20140429,국토,4
20140429,안보,4
20140429,일원,4
20140429,타워,4
20140429,로비,4
20140429,수산,4
20140429,유씨,4
20140429,의혹,4
20140429,행위,4
20140429,관계,4
20140429,부분,4
20140429,설립,4
20140429,액면가,4
20140429,주식,4
20140429,辭意,4
20140429,정홍원,4
20140429,회의,4
20140429,아이들,4
20140429,페이스,4
20140429,공동대표,4
20140429,새누리당,4
20140429,의원,4
20140429,청와대는,4
20140429,청와대에서,4
20140429,맹골군도,4
20140429,발전,4
20140429,수역,4
20140429,정상,4
20140429,기자회견,4
20140429,연금법,4
20140429,북한이,4
20140429,비난,4
20140429,주민,4
20140429,포사격,4
20140429,해안,4
20140429,행동,4
20140429,당신,4
20140429,신경,4
20140429,충격,4
20140429,국립,4
20140429,동거,4
20140429,시설,4
20140429,안개,4
20140429,주민등록,4
20140429,지역,4
20140429,지정,4
20140429,화환,4
20140429,인천시,4
20140430,세월호,141
20140430,대통령,72
20140430,구조,63
20140430,안전,51
20140430,침몰,46
20140430,검찰,44
20140430,참사,41
20140430,국민,40
20140430,정부,35
20140430,수사,35
20140430,승객,34
20140430,이날,30
20140430,들이,30
20140430,현장,30
20140430,이방인,29
20140430,사과,29
20140430,오전,29
20140430,회장,29
20140430,대표,29
20140430,가족,27
20140430,관련,25
20140430,사실,25
20140430,세모,25
20140430,국가,25
20140430,국장,24
20140430,닥터,23
20140430,조선,23
20140430,당시,23
20140430,문제,22
20140430,사고,22
20140430,여객선,22
20140430,이번,21
20140430,해양,21
20140430,정보,21
20140430,도착,20
20140430,사람,20
20140430,조합,20
20140430,단정,19
20140430,상황,19
20140430,관계자,19
20140430,의원,19
20140430,하기,19
20140430,의혹,19
20140430,청해진해운,19
20140430,유씨,19
20140430,어업,18
20140430,이후,18
20140430,지원,18
20140430,진도,18
20140430,재난,18
20140430,선장,17
20140430,학생,17
20140430,하게,17
20140430,분향,17
20140430,유족,17
20140430,의사,16
20140430,경비,16
20140430,바다,16
20140430,유가족,16
20140430,직원,16
20140430,회사,16
20140430,관리,16
20140430,제기,16
20140430,잠수,16
20140430,서울,15
20140430,병원,15
20140430,사진,15
20140430,선원,15
20140430,헬기,15
20140430,대응,15
20140430,대책,15
20140430,때문,15
20140430,부처,15
20140430,수습,15
20140430,우리,15
20140430,캠페인,14
20140430,실종자,14
20140430,직후,14
20140430,운영,14
20140430,조사,14
20140430,혐의,14
20140430,방송,13
20140430,최고,13
20140430,국가안전,13
20140430,시간,13
20140430,어선,13
20140430,경기,13
20140430,내용,13
20140430,선박,13
20140430,생각,13
20140430,지적,13
20140430,보도,13
20140430,시작,13
20140430,유병언,13
20140430,연안,13
20140430,동참,12
20140430,작업,12
20140430,지도,12
20140430,출동,12
20140430,과정,12
20140430,마련,12
20140430,발생,12
20140430,마음,12
20140430,경찰,12
20140430,수색,12
20140430,시스템,12
20140430,위로,12
20140430,조문,12
20140430,배우,11
20140430,제작,11
20140430,근무,11
20140430,선사,11
20140430,관계,11
20140430,기관,11
20140430,설치,11
20140430,이상,11
20140430,해역,11
20140430,희생자,11
20140430,귀국,11
20140430,그룹,11
20140430,책임,11
20140430,조직,11
20140430,통화,11
20140430,청와대,11
20140430,발표회,10
20140430,애도,10
20140430,민간,10
20140430,상태,10
20140430,탈출,10
20140430,투입,10
20140430,조치,10
20140430,중요,10
20140430,해운,10
20140430,강씨,10
20140430,난간,10
20140430,공무원,10
20140430,일가,10
20140430,수술,10
20140430,리본,9
20140430,모습,9
20140430,이야기,9
20140430,주장,9
20140430,훈련,9
20140430,국회,9
20140430,법안,9
20140430,확인,9
20140430,장관,9
20140430,전남도,9
20140430,전지,9
20140430,경우,9
20140430,이용욱,9
20140430,전체,9
20140430,사이,9
20140430,자신,9
20140430,대통령의,9
20140430,박근혜,9
20140430,시신,9
20140430,오후,9
20140430,소환,9
20140430,자녀,9
20140430,어머니,9
20140430,할머니,9
20140430,눈길,8
20140430,드라마,8
20140430,목동,8
20140430,양천구,8
20140430,천재,8
20140430,한국,8
20140430,블랙,8
20140430,가운데,8
20140430,객실,8
20140430,고무보트,8
20140430,위험,8
20140430,장비,8
20140430,사건,8
20140430,지역,8
20140430,지사,8
20140430,기부,8
20140430,방식,8
20140430,전망,8
20140430,준비,8
20140430,가능성,8
20140430,구원,8
20140430,핵심,8
20140430,항해사,8
20140430,구속,8
20140430,발견,8
20140430,요원,8
20140430,한국선급,8
20140430,업체,8
20140430,영어,8
20140430,임원,8
20140430,통제,8
20140430,기간,8
20140430,연출,8
20140430,가슴,7
20140430,추모,7
20140430,왼쪽,7
20140430,참석,7
20140430,근로자,7
20140430,동영상,7
20140430,만큼,7
20140430,않았다,7
20140430,연락,7
20140430,정도,7
20140430,하도급,7
20140430,전화,7
20140430,차례,7
20140430,소속,7
20140430,입장,7
20140430,해결,7
20140430,장학생,7
20140430,지휘,7
20140430,총괄,7
20140430,해당,7
20140430,교수,7
20140430,남성,7
20140430,지시,7
20140430,일부,7
20140430,유원지,7
20140430,인근,7
20140430,동안,7
20140430,촬영,7
20140430,신설,7
20140430,어제,7
20140430,방안,7
20140430,민원,7
20140430,신문,7
20140430,퇴원,7
20140430,육지,7
20140430,참여,6
20140430,강소,6
20140430,에디터,6
20140430,이현,6
20140430,전수,6
20140430,집단,6
20140430,패션,6
20140430,갑판,6
20140430,분간,6
20140430,사설,6
20140430,세계,6
20140430,장면,6
20140430,계기,6
20140430,수준,6
20140430,제도,6
20140430,처리,6
20140430,학교,6
20140430,논란,6
20140430,라면,6
20140430,소방,6
20140430,행정부,6
20140430,본명,6
20140430,진행,6
20140430,필요,6
20140430,해서,6
20140430,그동안,6
20140430,뉴스,6
20140430,다음,6
20140430,수사국장,6
20140430,인사,6
20140430,특채,6
20140430,사무실,6
20140430,수사국,6
20140430,혁신,6
20140430,강조,6
20140430,시설,6
20140430,인터뷰,6
20140430,강모,6
20140430,조타실,6
20140430,좌현,6
20140430,합동,6
20140430,합동분향소,6
20140430,화랑,6
20140430,국무회의,6
20140430,압수,6
20140430,측근,6
20140430,매입,6
20140430,고용,6
20140430,안행,6
20140430,교육,6
20140430,협력업체,6
20140430,체험,6
20140430,영토,6
20140430,검은색,5
20140430,매뉴얼,5
20140430,인력,5
20140430,진입,5
20140430,특수,5
20140430,개정안,5
20140430,구호,5
20140430,긴급,5
20140430,여행,5
20140430,예산,5
20140430,처벌,5
20140430,활동,5
20140430,비판,5
20140430,언론,5
20140430,측은,5
20140430,소식,5
20140430,계획,5
20140430,국내,5
20140430,상당,5
20140430,고용노동,5
20140430,생계,5
20140430,녹취,5
20140430,오늘,5
20140430,성과,5
20140430,우리나라,5
20140430,집중,5
20140430,개혁,5
20140430,의식,5
20140430,船社,5
20140430,명령,5
20140430,자리,5
20140430,진술,5
20140430,아이들,5
20140430,안산,5
20140430,선미,5
20140430,실질,5
20140430,접근,5
20140430,추가,5
20140430,개조,5
20140430,비리,5
20140430,적폐,5
20140430,여명,5
20140430,기능,5
20140430,대형,5
20140430,계열사,5
20140430,뉴욕,5
20140430,압박,5
20140430,정황,5
20140430,해외,5
20140430,공동대표,5
20140430,검사,5
20140430,공사,5
20140430,만원,5
20140430,총리,5
20140430,현대중공업,5
20140430,원인,5
20140430,산하,5
20140430,얘기,5
20140430,단원,5
20140430,오씨는,5
20140430,기상,5
20140430,전국,5
20140430,위절제,5
20140430,문화,5
20140430,노란,4
20140430,등장,4
20140430,박해,4
20140430,깔끔,4
20140430,디테일,4
20140430,반면,4
20140430,스타일,4
20140430,여성미,4
20140430,공개,4
20140430,구명,4
20140430,대부분,4
20140430,대원,4
20140430,메시지,4
20140430,문자,4
20140430,선체,4
20140430,전문,4
20140430,평소,4
20140430,담당,4
20140430,본회의,4
20140430,사실상,4
20140430,수학,4
20140430,예방,4
20140430,자료,4
20140430,치료,4
20140430,통과,4
20140430,피해자,4
20140430,해사,4
20140430,전남도청,4
20140430,측에,4
20140430,감사,4
20140430,희생,4
20140430,박지,4
20140430,방법,4
20140430,관련자,4
20140430,근본적,4
20140430,방침,4
20140430,복지,4
20140430,위기,4
20140430,직장,4
20140430,차원,4
20140430,기자,4
20140430,논문,4
20140430,리포트,4
20140430,앵커,4
20140430,업무,4
20140430,여러분,4
20140430,영상,4
20140430,원문,4
20140430,주도하,4
20140430,직전,4
20140430,진심,4
20140430,노력,4
20140430,각종,4
20140430,기반,4
20140430,대규모,4
20140430,대비,4
20140430,방재,4
20140430,전문가,4
20140430,해상,4
20140430,교신,4
20140430,하나,4
20140430,하자,4
20140430,퇴선,4
20140430,합수부는,4
20140430,기자회견,4
20140430,대국민,4
20140430,근처,4
20140430,우현,4
20140430,적극,4
20140430,업계,4
20140430,유관,4
20140430,유착,4
20140430,말했,4
20140430,동원,4
20140430,여성,4
20140430,확대,4
20140430,수백,4
20140430,격실,4
20140430,로비,4
20140430,이전,4
20140430,내부,4
20140430,보복,4
20140430,영장,4
20140430,고려,4
20140430,분석,4
20140430,아들,4
20140430,요구,4
20140430,대출,4
20140430,영농,4
20140430,측이,4
20140430,특별,4
20140430,수산,4
20140430,지난해,4
20140430,시장,4
20140430,최고위원,4
20140430,고발,4
20140430,임금,4
20140430,편법,4
20140430,정비,4
20140430,경북,4
20140430,분야,4
20140430,컨트롤,4
20140430,타워,4
20140430,사회,4
20140430,코디,4
20140430,김한식,4
20140430,라디오,4
